Season,Squad,# Pl,90s,Cmp,Att,Cmp%,TotDist,PrgDist,Ast,xAG,xA,A-xAG,KP,1/3,PPA,CrsPA,PrgP
2017-2018,Arsenal,30,38.0,20878,25193,82.9,353044,121329,61,53.3,55.2,7.7,444,1658,478,49,2223
2017-2018,Bournemouth,22,38.0,13450,17962,74.9,251392,100287,36,29.1,30.3,6.9,348,1220,291,67,1526
2017-2018,Brighton,24,38.0,11838,16372,72.3,227791,89034,25,26.2,22.5,-1.2,283,885,193,65,1230
2017-2018,Burnley,24,38.0,10524,15340,68.6,209049,89786,26,23.6,23.5,2.4,278,974,213,89,1103
2017-2018,Chelsea,26,38.0,18967,23101,82.1,329238,111578,42,41.5,43.3,0.5,482,1431,398,74,1998
2017-2018,Crystal Palace,28,38.0,11809,16114,73.3,208774,89985,26,33.3,28.6,-7.3,331,1037,273,58,1308
2017-2018,Everton,30,38.0,11953,16472,72.6,221336,88831,26,24.7,24.5,1.3,263,1044,211,70,1161
2017-2018,Huddersfield,25,38.0,12036,16822,71.5,222821,88700,19,23.7,19.8,-4.7,260,937,180,77,1210
2017-2018,Leicester City,27,38.0,12357,17124,72.2,226357,89044,38,34.9,31.1,3.1,297,1010,225,72,1271
2017-2018,Liverpool,27,38.0,20367,24900,81.8,367077,125520,58,52.7,47.7,5.3,488,1763,464,67,2236
2017-2018,Manchester City,25,38.0,26164,29961,87.3,421270,127277,85,57.9,60.7,27.1,498,2026,525,44,2570
2017-2018,Manchester Utd,27,38.0,17765,21865,81.2,292678,102023,53,40.5,42.2,12.5,377,1324,357,73,1564
2017-2018,Newcastle Utd,27,38.0,11071,15659,70.7,199740,86134,29,32.1,26.1,-3.1,321,911,220,75,1145
2017-2018,Southampton,26,38.0,14336,19027,75.3,248346,90480,23,29.5,31.3,-6.5,343,1154,288,77,1609
2017-2018,Stoke City,30,38.0,10122,14569,69.5,194245,88499,28,27.4,25.8,0.6,288,921,230,60,1150
2017-2018,Swansea City,26,38.0,13223,17437,75.8,247025,93673,20,20.2,19.7,-0.2,223,973,190,57,1194
2017-2018,Tottenham,25,38.0,19284,23695,81.4,363818,126442,51,49.0,43.6,2.0,462,1793,394,63,2249
2017-2018,Watford,29,38.0,12758,17513,72.8,225604,93079,27,29.2,29.4,-2.2,320,1071,285,79,1455
2017-2018,West Brom,24,38.0,10495,15004,69.9,201340,89346,24,25.9,26.9,-1.9,272,967,228,115,1106
2017-2018,West Ham,27,38.0,11779,16197,72.7,221883,87777,29,24.9,22.7,4.1,278,989,233,78,1179
2018-2019,Arsenal,28,38.0,18425,22549,81.7,313400,105044,52,46.7,43.9,5.3,363,1220,417,63,1874
2018-2019,Bournemouth,28,38.0,13505,17650,76.5,231203,91075,43,38.8,34.0,4.2,330,979,330,76,1435
2018-2019,Brighton,21,38.0,11491,15824,72.6,217603,86066,24,24.5,23.1,-0.5,281,887,223,81,1150
2018-2019,Burnley,23,38.0,10134,14793,68.5,194079,85014,32,31.2,27.6,0.8,254,879,239,82,1032
2018-2019,Cardiff City,25,38.0,7170,11715,61.2,138500,66941,20,27.6,25.4,-7.6,294,768,175,57,918
2018-2019,Chelsea,24,38.0,22960,26774,85.8,357355,116569,52,44.9,45.9,7.1,482,1640,415,65,2155
2018-2019,Crystal Palace,26,38.0,12697,16870,75.3,222304,89991,33,29.5,27.1,3.5,358,1003,275,63,1458
2018-2019,Everton,23,38.0,13878,18477,75.1,242908,92894,34,33.7,30.4,0.3,353,1102,298,94,1581
2018-2019,Fulham,28,38.0,15096,19303,78.2,265652,102124,24,30.0,26.3,-6.0,350,1106,233,69,1487
2018-2019,Huddersfield,31,38.0,13045,17777,73.4,237346,93900,13,19.9,17.4,-6.9,283,1023,208,93,1248
2018-2019,Leicester City,25,38.0,14640,19068,76.8,259605,95052,34,37.6,31.5,-3.6,381,1181,264,66,1537
2018-2019,Liverpool,23,38.0,21146,25571,82.7,364398,118593,55,49.8,52.6,5.2,422,1520,495,75,2008
2018-2019,Manchester City,21,38.0,24678,28389,86.9,395041,113549,71,65.5,63.6,5.5,516,1948,554,62,2429
2018-2019,Manchester Utd,28,38.0,16834,20942,80.4,284489,101728,40,39.6,38.3,0.4,381,1219,339,58,1668
2018-2019,Newcastle Utd,24,38.0,10774,15231,70.7,197304,79475,33,27.4,23.4,5.6,324,792,255,99,985
2018-2019,Southampton,30,38.0,11463,15930,72.0,201495,79147,27,29.3,27.9,-2.3,337,1086,260,68,1333
2018-2019,Tottenham,28,38.0,18808,23056,81.6,324971,107296,47,39.1,36.2,7.9,392,1283,364,90,1744
2018-2019,Watford,25,38.0,12550,16974,73.9,213157,87312,39,34.8,28.5,4.2,310,944,291,55,1294
2018-2019,West Ham,26,38.0,13847,18038,76.8,239173,90485,33,34.1,30.9,-1.1,325,1005,266,55,1478
2018-2019,Wolves,21,38.0,13961,18261,76.5,255563,92552,35,39.4,30.3,-4.4,348,1053,242,73,1350
2019-2020,Arsenal,29,38.0,16634,20410,81.5,292657,94450,35,31.4,28.5,3.6,298,1164,311,63,1641
2019-2020,Aston Villa,28,38.0,11652,15672,74.3,217478,84204,32,34.2,27.7,-2.2,369,908,270,95,1247
2019-2020,Bournemouth,27,38.0,12042,16387,73.5,208869,82509,24,30.6,25.7,-6.6,280,921,227,49,1256
2019-2020,Brighton,25,38.0,15881,20056,79.2,290667,102483,24,31.6,27.3,-7.6,343,1124,294,62,1675
2019-2020,Burnley,22,38.0,10049,14694,68.4,181797,76083,30,32.4,28.5,-2.4,280,787,217,99,890
2019-2020,Chelsea,27,38.0,20958,25213,83.1,352088,108966,46,46.7,42.3,-0.7,459,1463,411,108,1897
2019-2020,Crystal Palace,25,38.0,12274,16395,74.9,212859,86923,20,26.0,24.4,-6.0,265,910,243,47,1223
2019-2020,Everton,24,38.0,13433,17736,75.7,248821,94797,32,38.1,31.5,-6.1,340,987,288,93,1430
2019-2020,Leicester City,24,38.0,17600,21800,80.7,304569,102390,48,44.9,35.3,3.1,405,1283,313,72,1612
2019-2020,Liverpool,24,38.0,21276,25891,82.2,370796,117058,69,53.0,46.8,16.0,454,1630,477,93,1941
2019-2020,Manchester City,24,38.0,24557,28190,87.1,410039,117432,69,68.4,62.7,0.6,582,1819,553,89,2460
2019-2020,Manchester Utd,29,38.0,17744,21725,81.7,294732,95208,43,38.5,36.2,4.5,402,1350,341,50,1788
2019-2020,Newcastle Utd,28,38.0,10606,14566,72.8,189511,75573,29,26.9,19.1,2.1,299,685,181,62,844
2019-2020,Norwich City,30,38.0,14965,18869,79.3,243176,86282,18,27.4,23.6,-9.4,304,913,210,32,1169
2019-2020,Sheffield Utd,26,38.0,12125,16858,71.9,222335,83887,25,34.0,29.7,-9.0,269,1053,282,97,1352
2019-2020,Southampton,25,38.0,12488,17468,71.5,218809,83466,32,36.4,28.7,-4.4,340,1019,282,70,1335
2019-2020,Tottenham,29,38.0,16101,20296,79.3,268557,90635,39,32.6,28.2,6.4,339,1077,283,47,1410
2019-2020,Watford,26,38.0,11230,15775,71.2,192764,78762,21,31.4,27.6,-10.4,303,848,253,69,1168
2019-2020,West Ham,29,38.0,12451,16861,73.8,221660,89417,36,36.7,33.4,-0.7,328,1083,244,80,1377
2019-2020,Wolves,21,38.0,14298,18474,77.4,266628,97026,34,37.5,30.0,-3.5,339,1015,223,83,1338
2020-2021,Arsenal,29,38.0,18041,21807,82.7,306094,93540,38,35.1,35.3,2.9,332,1377,325,67,1760
2020-2021,Aston Villa,24,38.0,12940,16998,76.1,235952,93019,38,37.4,31.4,0.6,403,1086,323,76,1420
2020-2021,Brighton,27,38.0,15772,19871,79.4,283213,95248,24,33.2,34.9,-9.2,358,1132,358,80,1516
2020-2021,Burnley,25,38.0,10825,15562,69.6,196816,82192,20,27.7,26.9,-7.7,267,923,292,80,1012
2020-2021,Chelsea,27,38.0,21969,25799,85.2,360450,112392,38,41.5,37.1,-3.5,448,1441,377,70,1798
2020-2021,Crystal Palace,24,38.0,11627,15597,74.5,193706,81274,29,23.6,23.4,5.4,264,838,232,54,1132
2020-2021,Everton,29,38.0,14792,18696,79.1,263227,93921,32,30.7,28.7,1.3,300,944,257,60,1184
2020-2021,Fulham,28,38.0,15401,19512,78.9,270640,94395,18,26.3,25.3,-8.3,334,1019,290,94,1354
2020-2021,Leeds United,23,38.0,16284,20629,78.9,286488,99274,45,41.9,34.4,3.1,394,1110,349,68,1633
2020-2021,Leicester City,27,38.0,17014,21216,80.2,285395,94092,45,33.7,30.1,11.3,360,1209,283,57,1464
2020-2021,Liverpool,28,38.0,21929,26226,83.6,360990,115400,43,48.3,45.6,-5.3,455,1608,524,82,2057
2020-2021,Manchester City,24,38.0,23819,27167,87.7,390212,110951,55,45.4,43.3,9.6,433,1772,412,41,2051
2020-2021,Manchester Utd,29,38.0,18800,22624,83.1,310438,100811,51,41.6,38.2,9.4,414,1419,377,54,1832
2020-2021,Newcastle Utd,27,38.0,10839,14709,73.7,197161,77098,26,29.0,21.1,-3.0,289,739,207,83,903
2020-2021,Sheffield Utd,27,38.0,12146,16264,74.7,207510,78589,13,24.9,22.0,-11.9,253,946,253,65,1196
2020-2021,Southampton,29,38.0,14928,19288,77.4,239028,85450,33,25.8,22.2,7.2,294,894,261,36,1195
2020-2021,Tottenham,24,38.0,16508,20571,80.2,274912,94098,50,35.3,25.3,14.7,316,1035,257,54,1330
2020-2021,West Brom,30,38.0,9769,13978,69.9,177501,75746,20,24.4,21.3,-4.4,241,822,196,60,1027
2020-2021,West Ham,24,38.0,12725,16901,75.3,225666,88791,46,39.6,31.9,6.4,340,1037,238,95,1282
2020-2021,Wolves,27,38.0,15548,19225,80.9,275061,93014,21,24.1,23.9,-3.1,345,1117,213,85,1283
2021-2022,Arsenal,27,38.0,16176,19843,81.5,280868,91114,41,40.2,34.6,0.8,437,1354,329,74,1655
2021-2022,Aston Villa,31,38.0,12748,16499,77.3,220973,85405,42,34.8,30.0,7.2,356,1019,293,70,1300
2021-2022,Brentford,29,38.0,11676,16272,71.8,211867,85983,33,33.0,33.8,0.0,311,942,262,81,1189
2021-2022,Brighton,26,38.0,16410,20588,79.7,288827,95307,30,32.3,31.5,-2.3,356,1187,342,72,1547
2021-2022,Burnley,23,38.0,9454,14107,67.0,178791,80195,26,31.2,28.0,-5.2,286,877,240,84,972
2021-2022,Chelsea,26,38.0,21190,24888,85.1,342325,113085,52,44.9,42.6,7.1,439,1614,437,66,1967
2021-2022,Crystal Palace,24,38.0,14983,19081,78.5,265538,92523,31,31.0,30.2,0.0,305,990,270,75,1229
2021-2022,Everton,33,38.0,10366,14557,71.2,184813,76163,29,28.5,25.1,0.5,323,898,255,77,1100
2021-2022,Leeds United,29,38.0,13989,18288,76.5,242664,89161,26,31.3,25.1,-5.3,347,995,272,53,1483
2021-2022,Leicester City,28,38.0,16129,20137,80.1,269547,94214,46,34.2,26.9,11.8,312,1025,254,57,1356
2021-2022,Liverpool,27,38.0,21163,25552,82.8,370621,127087,71,63.5,56.2,7.5,527,1878,511,92,2243
2021-2022,Manchester City,26,38.0,24406,27902,87.5,412596,117964,63,65.5,57.1,-2.5,536,2110,535,74,2421
2021-2022,Manchester Utd,29,38.0,16690,20641,80.9,280259,93084,46,42.5,37.1,3.5,407,1315,312,65,1568
2021-2022,Newcastle Utd,29,38.0,10201,14036,72.7,188373,77685,23,25.8,23.3,-2.8,308,791,193,55,923
2021-2022,Norwich City,28,38.0,12164,16070,75.7,217007,80065,16,24.3,23.7,-8.3,264,739,226,46,1031
2021-2022,Southampton,25,38.0,12505,16941,73.8,211003,80089,26,32.5,28.7,-6.5,353,1016,249,58,1326
2021-2022,Tottenham,25,38.0,17204,20696,83.1,283871,93464,50,47.0,41.3,3.0,379,1172,338,81,1459
2021-2022,Watford,30,38.0,10423,14641,71.2,193942,80054,26,32.5,22.4,-6.5,298,834,213,70,1070
2021-2022,West Ham,25,38.0,14326,18378,78.0,251152,89191,46,37.4,32.4,8.6,320,1106,271,87,1449
2021-2022,Wolves,26,38.0,15253,19103,79.8,275607,92814,22,26.4,23.4,-4.4,294,1096,212,57,1283
2022-2023,Arsenal,26,38.0,18281,21969,83.2,310206,100635,64,53.5,46.8,10.5,443,1637,459,62,2049
2022-2023,Aston Villa,26,38.0,13782,17396,79.2,244073,87581,35,38.8,31.6,-3.8,318,964,268,80,1242
2022-2023,Bournemouth,31,38.0,11715,15381,76.2,206704,82672,24,28.4,26.3,-4.4,261,850,237,75,1006
2022-2023,Brentford,25,38.0,11317,15551,72.8,209962,87002,36,38.4,30.5,-2.4,284,922,279,87,1131
2022-2023,Brighton,29,38.0,19210,22888,83.9,319736,106474,46,52.2,44.7,-6.2,480,1459,391,78,1849
2022-2023,Chelsea,32,38.0,19147,22836,83.8,316440,104718,27,38.6,35.3,-11.6,376,1426,370,68,1737
2022-2023,Crystal Palace,26,38.0,13395,17308,77.4,238779,88389,29,29.0,23.8,0.0,316,1013,239,51,1243
2022-2023,Everton,28,38.0,11790,15783,74.7,214056,82478,24,32.4,26.9,-8.4,308,964,224,67,1052
2022-2023,Fulham,29,38.0,13974,18014,77.6,255629,89303,33,28.5,23.7,4.5,306,1044,284,97,1326
2022-2023,Leeds United,29,38.0,12437,16924,73.5,206567,84295,31,31.8,27.3,-0.8,337,1086,270,70,1429
2022-2023,Leicester City,28,38.0,14887,18871,78.9,249219,89055,36,38.4,26.3,-2.4,319,1142,220,52,1304
2022-2023,Liverpool,28,38.0,20043,24361,82.3,352929,120466,58,55.6,52.3,2.4,458,1615,452,85,1992
2022-2023,Manchester City,24,38.0,23263,26642,87.3,396454,114920,69,57.5,57.6,11.5,464,1770,445,75,2073
2022-2023,Manchester Utd,26,38.0,16603,20525,80.9,276625,97026,42,52.2,44.6,-10.2,478,1268,398,57,1595
2022-2023,Newcastle Utd,27,38.0,13925,17837,78.1,246297,90893,42,51.8,45.0,-9.8,435,1083,403,64,1618
2022-2023,Nott'ham Forest,33,38.0,9543,13606,70.1,177315,72656,22,26.3,20.5,-4.3,246,660,172,50,859
2022-2023,Southampton,36,38.0,12319,16391,75.2,211636,79814,25,28.1,26.0,-3.1,302,938,239,71,1125
2022-2023,Tottenham,29,38.0,15972,19672,81.2,277567,92695,46,43.0,34.0,3.0,386,1071,323,104,1449
2022-2023,West Ham,25,38.0,12369,16357,75.6,219013,84296,25,32.7,26.8,-7.7,340,990,212,80,1274
2022-2023,Wolves,32,38.0,14554,18294,79.6,264071,87310,12,25.4,21.0,-13.4,294,1110,252,71,1343
2023-2024,Arsenal,25,38.0,19094,22558,84.6,309533,102210,62,55.3,57.8,6.7,513,1546,548,68,2106
2023-2024,Aston Villa,31,38.0,16133,19363,83.3,281128,95293,55,48.6,42.5,6.4,398,1160,363,67,1451
2023-2024,Bournemouth,30,38.0,11899,15920,74.7,220978,83235,39,40.5,33.7,-1.5,414,1074,352,88,1314
2023-2024,Brentford,28,38.0,12551,16818,74.6,225971,88492,38,42.7,40.0,-4.7,332,965,333,106,1283
2023-2024,Brighton,30,38.0,21810,25029,87.1,341060,113686,36,41.6,43.7,-5.6,429,1484,384,81,1780
2023-2024,Burnley,31,38.0,13937,17959,77.6,246047,83556,30,29.7,26.6,0.3,326,976,216,54,1181
2023-2024,Chelsea,32,38.0,20039,23364,85.8,328448,109853,51,51.4,43.1,-0.4,419,1351,352,51,1615
2023-2024,Crystal Palace,26,38.0,12915,16754,77.1,225542,84922,43,38.7,31.5,4.3,353,995,273,60,1176
2023-2024,Everton,26,38.0,11349,15514,73.2,208537,88374,17,38.1,31.8,-21.1,339,958,284,77,1129
2023-2024,Fulham,25,38.0,16311,20237,80.6,290238,100538,40,37.6,33.6,2.4,379,1117,355,94,1467
2023-2024,Liverpool,30,38.0,20376,24379,83.6,346550,118702,60,63.7,55.6,-3.7,598,1666,506,80,2110
2023-2024,Luton Town,28,38.0,11048,15099,73.2,201475,81352,33,29.5,27.5,3.5,315,835,250,90,1113
2023-2024,Manchester City,25,38.0,24616,27758,88.7,394064,112270,69,60.2,62.1,8.8,545,1890,484,65,2060
2023-2024,Manchester Utd,31,38.0,15785,19538,80.8,260507,91226,36,40.1,34.6,-4.1,434,1202,338,50,1479
2023-2024,Newcastle Utd,32,38.0,16117,19852,81.2,274265,96401,55,51.3,43.5,3.7,424,1107,380,76,1557
2023-2024,Nott'ham Forest,33,38.0,11877,15679,75.8,210025,83097,43,37.9,27.8,5.1,325,905,244,61,1141
2023-2024,Sheffield Utd,35,38.0,9531,13509,70.6,169894,71337,18,25.8,21.0,-7.8,257,701,198,48,884
2023-2024,Tottenham,29,38.0,20649,24197,85.3,326221,111380,58,57.4,52.1,0.6,460,1588,454,65,2107
2023-2024,West Ham,26,38.0,12568,16373,76.8,219336,85575,40,34.8,30.8,5.2,305,979,225,71,1207
2023-2024,Wolves,27,38.0,15484,19175,80.8,255933,84649,36,31.8,27.6,4.2,316,910,239,61,1180
2024-2025,Arsenal,25,33.0,14734,17533,84.0,241212,76131,48,39.8,40.0,8.2,368,1201,387,65,1609
2024-2025,Aston Villa,28,33.0,13074,15753,83.0,223004,77282,41,37.7,32.9,3.3,324,1015,282,50,1174
2024-2025,Bournemouth,29,33.0,11092,14548,76.2,201485,75762,37,40.3,32.1,-3.3,397,1085,294,87,1318
2024-2025,Brentford,28,33.0,11699,14970,78.1,214210,81819,37,36.1,33.4,0.9,286,966,285,78,1180
2024-2025,Brighton,31,33.0,13750,16678,82.4,234298,79787,33,35.3,33.6,-2.3,319,1030,295,79,1332
2024-2025,Chelsea,29,33.0,16102,18956,84.9,278242,87547,43,47.6,38.4,-4.6,416,1339,324,68,1430
2024-2025,Crystal Palace,29,33.0,10457,13865,75.4,187829,70270,31,37.6,29.8,-6.6,319,789,234,58,1013
2024-2025,Everton,26,33.0,9617,12752,75.4,182164,72835,20,27.2,23.8,-7.2,264,863,226,75,881
2024-2025,Fulham,26,33.0,14072,17208,81.8,251541,85143,40,33.1,30.1,6.9,335,1157,278,84,1338
2024-2025,Ipswich Town,32,33.0,9966,12833,77.7,177106,67643,24,21.0,18.4,3.0,238,747,145,43,804
2024-2025,Leicester City,30,33.0,12169,15303,79.5,203465,73423,21,22.2,21.9,-1.2,220,862,193,61,954
2024-2025,Liverpool,24,33.0,15906,18922,84.1,270688,90982,56,52.7,46.4,3.3,442,1391,386,75,1673
2024-2025,Manchester City,29,33.0,18797,21297,88.3,304576,85625,46,48.1,46.6,-2.1,414,1449,377,54,1675
2024-2025,Manchester Utd,31,33.0,14564,17681,82.4,239574,77647,24,32.5,29.9,-8.5,334,979,272,61,1215
2024-2025,Newcastle Utd,24,33.0,13192,16246,81.2,222213,78565,46,40.4,35.7,5.6,335,954,315,61,1316
2024-2025,Nott'ham Forest,23,32.0,8903,11870,75.0,151827,61899,36,28.6,25.3,7.4,289,779,199,49,925
2024-2025,Southampton,35,33.0,13896,16545,84.0,235235,75723,14,22.5,21.4,-8.5,248,900,199,54,1023
2024-2025,Tottenham,31,32.0,14677,17573,83.5,242148,82196,44,39.6,32.9,4.4,343,1141,337,73,1437
2024-2025,West Ham,27,33.0,12567,15642,80.3,220745,78264,21,29.3,27.3,-8.3,291,931,236,64,1056
2024-2025,Wolves,30,33.0,12124,15094,80.3,207249,71158,36,30.5,22.5,5.5,268,865,239,60,1010
