Season,Squad,# Pl,Age,Poss,MP,Starts,Min,90s,Gls,Ast,G+A,G-PK,PK,PKatt,CrdY,CrdR,xG,npxG,xAG,npxG+xAG,PrgC,PrgP
2017-2018,Arsenal,30,26.8,61.4,38,418,3420,38.0,73,61,134,69,4,5,57,,68.3,64.3,53.3,117.6,915,2223
2017-2018,Bournemouth,22,26.9,48.1,38,418,3420,38.0,45,36,81,42,3,3,57,,38.8,36.4,29.1,65.5,702,1526
2017-2018,Brighton,24,27.5,43.7,38,418,3420,38.0,33,25,58,28,5,7,54,,37.0,31.8,26.2,58.0,523,1230
2017-2018,Burnley,24,27.5,43.7,38,418,3420,38.0,35,26,61,35,0,0,65,,32.3,32.3,23.6,55.9,431,1103
2017-2018,Chelsea,26,26.7,55.6,38,418,3420,38.0,60,42,102,57,3,3,46,,54.4,52.0,41.5,93.5,1045,1998
2017-2018,Crystal Palace,28,27.1,45.2,38,418,3420,38.0,44,26,70,36,8,10,72,,53.5,45.9,33.3,79.2,727,1308
2017-2018,Everton,30,26.7,45.5,38,418,3420,38.0,42,26,68,37,5,8,55,,40.5,34.1,24.7,58.8,477,1161
2017-2018,Huddersfield,25,26.4,45.7,38,418,3420,38.0,25,19,44,23,2,2,65,,31.3,29.8,23.7,53.5,627,1210
2017-2018,Leicester City,27,27.2,48.0,38,418,3420,38.0,53,38,91,48,5,6,60,,50.0,45.3,34.9,80.2,655,1271
2017-2018,Liverpool,27,25.6,60.3,38,418,3420,38.0,82,58,140,80,2,3,44,,72.9,70.6,52.7,123.3,982,2236
2017-2018,Manchester City,25,26.4,71.0,38,418,3420,38.0,103,85,188,97,6,8,63,,78.6,72.7,57.9,130.6,1308,2570
2017-2018,Manchester Utd,27,26.7,54.7,38,418,3420,38.0,67,53,120,66,1,3,64,,55.7,53.3,40.5,93.8,920,1564
2017-2018,Newcastle Utd,27,25.6,41.7,38,418,3420,38.0,38,29,67,38,0,1,54,,41.6,40.9,32.1,72.9,548,1145
2017-2018,Southampton,26,26.2,51.3,38,418,3420,38.0,36,23,59,33,3,3,65,,39.9,37.6,29.5,67.0,694,1609
2017-2018,Stoke City,30,27.5,41.4,38,418,3420,38.0,34,28,62,34,0,3,62,,36.5,34.1,27.4,61.4,477,1150
2017-2018,Swansea City,26,27.2,45.3,38,418,3420,38.0,27,20,47,26,1,1,51,,31.6,30.8,20.2,51.0,596,1194
2017-2018,Tottenham,25,25.8,61.8,38,418,3420,38.0,70,51,121,68,2,3,52,,64.7,62.3,49.0,111.3,862,2249
2017-2018,Watford,29,27.9,49.7,38,418,3420,38.0,42,27,69,39,3,6,65,,45.0,40.2,29.2,69.4,647,1455
2017-2018,West Brom,24,29.1,40.7,38,418,3420,38.0,31,24,55,30,1,1,73,,36.5,35.7,25.9,61.6,507,1106
2017-2018,West Ham,27,28.0,45.2,38,418,3420,38.0,48,29,77,46,2,4,75,,36.7,33.6,24.9,58.4,523,1179
2018-2019,Arsenal,28,26.7,58.1,38,418,3420,38.0,69,52,121,65,4,5,74,2.0,60.1,56.0,46.7,102.7,868,1874
2018-2019,Bournemouth,28,26.6,46.9,38,418,3420,38.0,55,43,98,48,7,9,60,1.0,53.3,46.2,38.8,85.0,738,1435
2018-2019,Brighton,21,27.4,42.4,38,418,3420,38.0,35,24,59,30,5,6,62,4.0,35.3,30.7,24.5,55.2,475,1150
2018-2019,Burnley,23,28.0,41.2,38,418,3420,38.0,43,32,75,41,2,2,75,1.0,44.4,42.8,31.2,74.0,421,1032
2018-2019,Cardiff City,25,27.7,35.4,38,418,3420,38.0,33,20,53,30,3,4,66,1.0,42.4,39.2,27.6,66.8,434,918
2018-2019,Chelsea,24,27.3,62.9,38,418,3420,38.0,61,52,113,56,5,5,49,0.0,58.6,54.6,44.9,99.6,1058,2155
2018-2019,Crystal Palace,26,27.4,45.2,38,418,3420,38.0,48,33,81,38,10,11,59,2.0,47.6,39.2,29.5,68.7,771,1458
2018-2019,Everton,23,25.7,51.5,38,418,3420,38.0,53,34,87,51,2,5,57,4.0,49.7,45.7,33.7,79.4,697,1581
2018-2019,Fulham,28,26.0,48.8,38,418,3420,38.0,33,24,57,31,2,3,72,2.0,41.3,39.0,30.0,69.0,628,1487
2018-2019,Huddersfield,31,26.2,47.2,38,418,3420,38.0,21,13,34,20,1,1,57,4.0,28.8,28.0,19.9,47.9,601,1248
2018-2019,Leicester City,25,25.9,50.9,38,418,3420,38.0,48,34,82,43,5,7,63,5.0,52.4,47.3,37.6,84.9,752,1537
2018-2019,Liverpool,23,26.1,61.8,38,418,3420,38.0,86,55,141,79,7,7,41,2.0,73.7,68.4,49.8,118.2,857,2008
2018-2019,Manchester City,21,26.7,67.9,38,418,3420,38.0,91,71,162,88,3,4,44,1.0,84.3,81.3,65.5,146.7,1325,2429
2018-2019,Manchester Utd,28,26.3,54.7,38,418,3420,38.0,65,40,105,56,9,12,77,4.0,61.4,52.0,39.6,91.6,801,1668
2018-2019,Newcastle Utd,24,26.9,40.4,38,418,3420,38.0,41,33,74,40,1,3,57,2.0,39.1,36.7,27.4,64.1,467,985
2018-2019,Southampton,30,25.4,43.4,38,418,3420,38.0,44,27,71,40,4,5,75,3.0,46.9,43.4,29.3,72.7,603,1333
2018-2019,Tottenham,28,26.8,59.0,38,418,3420,38.0,66,47,113,62,4,4,58,3.0,54.9,51.8,39.1,90.9,840,1744
2018-2019,Watford,25,28.5,46.7,38,418,3420,38.0,51,39,90,50,1,1,80,4.0,48.2,47.5,34.8,82.3,588,1294
2018-2019,West Ham,26,27.6,48.6,38,418,3420,38.0,51,33,84,46,5,5,59,1.0,47.6,43.8,34.1,77.9,731,1478
2018-2019,Wolves,21,26.1,46.8,38,418,3420,38.0,46,35,81,42,4,4,73,1.0,52.1,49.0,39.4,88.4,743,1350
2019-2020,Arsenal,29,25.8,53.8,38,418,3420,38.0,56,35,91,53,3,3,88,5.0,47.0,44.6,31.4,76.1,815,1641
2019-2020,Aston Villa,28,25.7,44.1,38,418,3420,38.0,40,32,72,39,1,3,70,1.0,44.3,41.8,34.2,76.0,639,1247
2019-2020,Bournemouth,27,25.2,44.1,38,418,3420,38.0,38,24,62,34,4,4,78,3.0,44.8,41.7,30.6,72.3,601,1256
2019-2020,Brighton,25,26.4,52.2,38,418,3420,38.0,35,24,59,34,1,2,59,2.0,45.4,43.8,31.6,75.4,669,1675
2019-2020,Burnley,22,28.0,41.9,38,418,3420,38.0,41,30,71,38,3,3,67,0.0,47.4,45.3,32.4,77.7,437,890
2019-2020,Chelsea,27,25.5,60.4,38,418,3420,38.0,69,46,115,62,7,7,60,0.0,69.2,64.4,46.7,111.1,983,1897
2019-2020,Crystal Palace,25,29.4,44.8,38,418,3420,38.0,29,20,49,26,3,3,62,2.0,35.8,33.6,26.0,59.5,596,1223
2019-2020,Everton,24,25.5,49.0,38,418,3420,38.0,42,32,74,41,1,1,76,3.0,50.8,50.0,38.1,88.1,623,1430
2019-2020,Leicester City,24,26.1,57.1,38,418,3420,38.0,65,48,113,60,5,7,43,3.0,62.2,56.7,44.9,101.6,739,1612
2019-2020,Liverpool,24,26.6,62.9,38,418,3420,38.0,83,69,152,78,5,5,38,1.0,68.9,65.0,53.0,118.0,967,1941
2019-2020,Manchester City,24,26.9,66.2,38,418,3420,38.0,100,69,169,94,6,11,64,4.0,92.0,83.6,68.4,152.0,1199,2460
2019-2020,Manchester Utd,29,24.8,55.8,38,418,3420,38.0,65,43,108,55,10,14,73,0.0,62.2,51.2,38.5,89.7,926,1788
2019-2020,Newcastle Utd,28,26.5,39.0,38,418,3420,38.0,38,29,67,38,0,1,66,3.0,35.5,34.8,26.9,61.7,537,844
2019-2020,Norwich City,30,26.0,49.3,38,418,3420,38.0,25,18,43,23,2,2,68,3.0,37.0,35.4,27.4,62.8,673,1169
2019-2020,Sheffield Utd,26,26.9,43.1,38,418,3420,38.0,36,25,61,35,1,1,63,2.0,43.0,42.2,34.0,76.3,493,1352
2019-2020,Southampton,25,25.9,48.9,38,418,3420,38.0,51,32,83,49,2,5,55,4.0,56.1,52.1,36.4,88.5,628,1335
2019-2020,Tottenham,29,26.7,52.0,38,418,3420,38.0,56,39,95,53,3,4,84,3.0,47.9,44.7,32.6,77.3,768,1410
2019-2020,Watford,26,28.9,42.9,38,418,3420,38.0,35,21,56,28,7,8,80,3.0,48.9,42.6,31.4,74.0,578,1168
2019-2020,West Ham,29,27.4,44.1,38,418,3420,38.0,49,36,85,45,4,4,64,1.0,48.6,45.4,36.7,82.2,667,1377
2019-2020,Wolves,21,26.6,48.3,38,418,3420,38.0,49,34,83,45,4,4,61,2.0,54.1,51.0,37.5,88.5,858,1338
2020-2021,Arsenal,29,25.9,53.5,38,418,3420,38.0,53,38,91,47,6,6,49,5.0,51.7,47.0,35.1,82.1,758,1760
2020-2021,Aston Villa,24,25.2,48.5,38,418,3420,38.0,52,38,90,47,5,6,71,4.0,52.5,47.9,37.4,85.3,629,1420
2020-2021,Brighton,27,25.8,51.1,38,418,3420,38.0,39,24,63,33,6,9,49,6.0,50.9,43.8,33.2,77.0,685,1516
2020-2021,Burnley,25,28.3,42.1,38,418,3420,38.0,32,20,52,29,3,3,48,0.0,39.3,36.9,27.7,64.6,389,1012
2020-2021,Chelsea,27,26.0,60.9,38,418,3420,38.0,56,38,94,48,8,10,51,3.0,62.4,54.5,41.5,96.0,895,1798
2020-2021,Crystal Palace,24,29.1,40.6,38,418,3420,38.0,39,29,68,36,3,4,56,2.0,34.1,31.0,23.6,54.6,526,1132
2020-2021,Everton,29,26.3,46.4,38,418,3420,38.0,45,32,77,41,4,5,59,2.0,45.7,41.9,30.7,72.6,604,1184
2020-2021,Fulham,28,25.2,49.7,38,418,3420,38.0,26,18,44,23,3,6,67,3.0,40.5,35.9,26.3,62.2,727,1354
2020-2021,Leeds United,23,26.1,57.3,38,418,3420,38.0,60,45,105,56,4,4,61,1.0,55.6,52.5,41.9,94.3,811,1633
2020-2021,Leicester City,27,26.5,54.3,38,418,3420,38.0,64,45,109,54,10,12,61,0.0,55.8,46.3,33.7,80.1,666,1464
2020-2021,Liverpool,28,26.8,62.1,38,418,3420,38.0,65,43,108,59,6,6,40,0.0,67.5,62.9,48.3,111.1,886,2057
2020-2021,Manchester City,24,26.1,63.5,38,418,3420,38.0,82,55,137,77,5,9,46,2.0,68.2,61.2,45.4,106.6,1096,2051
2020-2021,Manchester Utd,29,25.6,55.7,38,418,3420,38.0,70,51,121,60,10,11,64,1.0,60.1,51.4,41.6,93.1,877,1832
2020-2021,Newcastle Utd,27,27.1,38.8,38,418,3420,38.0,44,26,70,38,6,7,65,3.0,43.4,37.8,29.0,66.8,467,903
2020-2021,Sheffield Utd,27,26.7,41.7,38,418,3420,38.0,19,13,32,16,3,4,73,3.0,32.6,29.5,24.9,54.4,491,1196
2020-2021,Southampton,29,26.6,52.0,38,418,3420,38.0,47,33,80,42,5,6,52,3.0,41.2,36.6,25.8,62.5,626,1195
2020-2021,Tottenham,24,27.2,51.6,38,418,3420,38.0,66,50,116,61,5,5,57,2.0,53.1,49.2,35.3,84.4,633,1330
2020-2021,West Brom,30,26.4,37.9,38,418,3420,38.0,33,20,53,29,4,4,51,4.0,35.8,32.7,24.4,57.1,441,1027
2020-2021,West Ham,24,27.8,43.2,38,418,3420,38.0,60,46,106,58,2,4,50,3.0,55.4,52.1,39.6,91.7,658,1282
2020-2021,Wolves,27,26.3,49.3,38,418,3420,38.0,34,21,55,30,4,4,55,1.0,36.5,33.4,24.1,57.6,800,1283
2021-2022,Arsenal,27,24.4,52.8,38,418,3420,38.0,60,41,101,55,5,8,67,4.0,60.5,55.1,40.2,95.4,734,1655
2021-2022,Aston Villa,31,26.1,46.5,38,418,3420,38.0,50,42,92,47,3,3,81,2.0,44.0,42.0,34.8,76.8,653,1300
2021-2022,Brentford,29,25.4,44.8,38,418,3420,38.0,46,33,79,40,6,6,65,3.0,45.8,41.1,33.0,74.1,450,1189
2021-2022,Brighton,26,26.2,54.4,38,418,3420,38.0,40,30,70,36,4,7,72,2.0,46.2,40.7,32.3,72.9,676,1547
2021-2022,Burnley,23,28.5,40.2,38,418,3420,38.0,32,26,58,31,1,2,68,2.0,39.7,38.1,31.2,69.3,388,972
2021-2022,Chelsea,26,27.4,61.8,38,418,3420,38.0,75,52,127,67,8,9,63,1.0,63.4,56.6,44.9,101.5,894,1967
2021-2022,Crystal Palace,24,27.1,51.1,38,418,3420,38.0,50,31,81,44,6,8,69,1.0,46.4,40.1,31.0,71.1,592,1229
2021-2022,Everton,33,26.7,40.0,38,418,3420,38.0,42,29,71,36,6,7,82,6.0,41.2,35.8,28.5,64.3,512,1100
2021-2022,Leeds United,29,26.1,52.3,38,418,3420,38.0,42,26,68,37,5,5,101,3.0,44.4,40.4,31.3,71.8,671,1483
2021-2022,Leicester City,28,26.5,52.0,38,418,3420,38.0,62,46,108,60,2,2,55,1.0,47.8,46.2,34.2,80.4,622,1356
2021-2022,Liverpool,27,27.7,62.7,38,418,3420,38.0,94,71,165,87,7,8,50,1.0,88.7,82.7,63.5,146.2,885,2243
2021-2022,Manchester City,26,27.0,67.9,38,418,3420,38.0,96,63,159,89,7,9,42,1.0,88.7,81.4,65.5,146.9,1145,2421
2021-2022,Manchester Utd,29,27.2,52.7,38,418,3420,38.0,56,46,102,53,3,5,77,2.0,55.8,51.9,42.5,94.3,784,1568
2021-2022,Newcastle Utd,29,27.5,40.4,38,418,3420,38.0,41,23,64,38,3,3,81,2.0,38.1,35.9,25.8,61.7,544,923
2021-2022,Norwich City,28,26.2,42.9,38,418,3420,38.0,21,16,37,18,3,3,57,1.0,32.3,30.0,24.3,54.3,566,1031
2021-2022,Southampton,25,25.7,47.7,38,418,3420,38.0,41,26,67,37,4,4,65,2.0,44.8,41.6,32.5,74.1,728,1326
2021-2022,Tottenham,25,26.5,51.8,38,418,3420,38.0,63,50,113,58,5,5,69,1.0,61.2,57.3,47.0,104.4,791,1459
2021-2022,Watford,30,28.4,40.7,38,418,3420,38.0,33,26,59,32,1,2,63,3.0,40.0,38.4,32.5,70.9,557,1070
2021-2022,West Ham,25,28.2,47.9,38,418,3420,38.0,58,46,104,54,4,6,52,3.0,51.4,46.8,37.4,84.2,646,1449
2021-2022,Wolves,26,27.3,49.5,38,418,3420,38.0,35,22,57,34,1,1,62,2.0,37.5,36.8,26.4,63.2,723,1283
2022-2023,Arsenal,26,24.7,59.3,38,418,3420,38.0,84,64,148,81,3,4,51,0.0,71.6,68.9,53.5,122.4,824,2049
2022-2023,Aston Villa,26,27.0,49.3,38,418,3420,38.0,49,35,84,46,3,4,80,1.0,50.3,47.2,38.8,86.0,637,1242
2022-2023,Bournemouth,31,26.3,40.4,38,418,3420,38.0,37,24,61,37,0,0,68,0.0,38.5,38.5,28.4,66.9,504,1006
2022-2023,Brentford,25,26.2,43.8,38,418,3420,38.0,56,36,92,49,7,8,57,1.0,56.3,50.1,38.4,88.5,392,1131
2022-2023,Brighton,29,26.3,60.2,38,418,3420,38.0,68,46,114,62,6,6,58,0.0,73.3,68.9,52.2,121.2,809,1849
2022-2023,Chelsea,32,26.3,58.7,38,418,3420,38.0,37,27,64,34,3,3,81,3.0,49.5,47.2,38.6,85.8,829,1737
2022-2023,Crystal Palace,26,26.7,46.3,38,418,3420,38.0,38,29,67,37,1,3,82,3.0,39.3,36.8,29.0,65.8,556,1243
2022-2023,Everton,28,26.6,42.8,38,418,3420,38.0,32,24,56,29,3,3,81,2.0,45.2,42.8,32.4,75.1,500,1052
2022-2023,Fulham,29,28.2,48.8,38,418,3420,38.0,52,33,85,47,5,9,80,1.0,46.2,39.1,28.5,67.7,663,1326
2022-2023,Leeds United,29,25.3,47.0,38,418,3420,38.0,45,31,76,44,1,3,89,3.0,47.3,44.9,31.8,76.7,555,1429
2022-2023,Leicester City,28,26.1,47.7,38,418,3420,38.0,49,36,85,46,3,6,63,2.0,50.5,45.7,38.4,84.1,580,1304
2022-2023,Liverpool,28,27.4,60.8,38,418,3420,38.0,71,58,129,69,2,4,57,1.0,71.5,68.4,55.6,124.1,719,1992
2022-2023,Manchester City,24,27.2,64.7,38,418,3420,38.0,92,69,161,83,9,10,44,1.0,78.6,71.1,57.5,128.6,988,2073
2022-2023,Manchester Utd,26,26.9,53.7,38,418,3420,38.0,56,42,98,53,3,3,78,2.0,67.7,65.3,52.2,117.5,711,1595
2022-2023,Newcastle Utd,27,27.3,52.3,38,418,3420,38.0,64,42,106,58,6,6,61,1.0,71.9,67.3,51.8,119.1,695,1618
2022-2023,Nott'ham Forest,33,26.5,37.6,38,418,3420,38.0,36,22,58,33,3,6,84,0.0,39.3,34.6,26.3,61.0,436,859
2022-2023,Southampton,36,24.7,44.5,38,418,3420,38.0,36,25,61,34,2,4,73,0.0,37.8,34.6,28.1,62.7,588,1125
2022-2023,Tottenham,29,27.6,50.0,38,418,3420,38.0,68,46,114,63,5,6,77,3.0,57.0,52.3,43.0,95.4,692,1449
2022-2023,West Ham,25,28.2,42.1,38,418,3420,38.0,41,25,66,35,6,8,44,0.0,49.2,43.7,32.7,76.4,615,1274
2022-2023,Wolves,32,26.7,49.9,38,418,3420,38.0,28,12,40,25,3,3,85,6.0,36.8,34.5,25.4,60.0,610,1343
2023-2024,Arsenal,25,25.0,58.2,38,418,3420,38.0,86,62,148,76,10,10,64,2.0,76.1,68.5,55.3,123.8,821,2106
2023-2024,Aston Villa,31,26.9,53.1,38,418,3420,38.0,72,55,127,68,4,4,94,2.0,63.3,60.3,48.6,108.9,775,1451
2023-2024,Bournemouth,30,25.7,44.4,38,418,3420,38.0,52,39,91,50,2,3,79,3.0,55.9,53.6,40.5,94.0,709,1314
2023-2024,Brentford,28,26.6,45.2,38,418,3420,38.0,54,38,92,51,3,3,89,2.0,58.2,56.0,42.7,98.8,505,1283
2023-2024,Brighton,30,25.9,59.8,38,418,3420,38.0,50,36,86,45,5,6,90,3.0,56.8,52.2,41.6,93.8,864,1780
2023-2024,Burnley,31,24.5,47.4,38,418,3420,38.0,40,30,70,37,3,3,77,7.0,40.6,38.3,29.7,68.0,727,1181
2023-2024,Chelsea,32,24.2,58.6,38,418,3420,38.0,76,51,127,65,11,12,109,4.0,74.5,65.1,51.4,116.5,873,1615
2023-2024,Crystal Palace,26,26.7,42.3,38,418,3420,38.0,56,43,99,52,4,4,73,2.0,48.6,45.4,38.7,84.1,506,1176
2023-2024,Everton,26,27.1,40.8,38,418,3420,38.0,40,17,57,38,2,3,82,1.0,54.0,51.6,38.1,89.8,495,1129
2023-2024,Fulham,25,28.4,50.6,38,418,3420,38.0,54,40,94,52,2,2,84,4.0,50.8,49.2,37.6,86.8,670,1467
2023-2024,Liverpool,30,26.3,61.3,38,418,3420,38.0,80,60,140,74,6,9,69,5.0,87.8,80.4,63.7,144.1,924,2110
2023-2024,Luton Town,28,26.7,42.4,38,418,3420,38.0,49,33,82,44,5,5,71,0.0,42.4,38.6,29.5,68.2,675,1113
2023-2024,Manchester City,25,26.6,65.2,38,418,3420,38.0,94,69,163,85,9,10,53,2.0,80.5,72.9,60.2,133.1,1127,2060
2023-2024,Manchester Utd,31,26.1,50.6,38,418,3420,38.0,57,36,93,51,6,7,83,1.0,56.5,51.0,40.1,91.0,758,1479
2023-2024,Newcastle Utd,32,27.2,52.2,38,418,3420,38.0,83,55,138,75,8,9,79,1.0,76.0,69.0,51.3,120.3,737,1557
2023-2024,Nott'ham Forest,33,25.7,40.6,38,418,3420,38.0,49,43,92,48,1,1,82,3.0,49.9,49.1,37.9,87.0,601,1141
2023-2024,Sheffield Utd,35,25.7,35.8,38,418,3420,38.0,31,18,49,26,5,5,101,5.0,38.3,34.5,25.8,60.3,346,884
2023-2024,Tottenham,29,25.2,61.6,38,418,3420,38.0,69,58,127,67,2,2,92,4.0,68.2,66.7,57.4,124.1,957,2107
2023-2024,West Ham,26,28.3,41.1,38,418,3420,38.0,58,40,98,54,4,5,82,3.0,52.3,48.4,34.8,83.2,556,1207
2023-2024,Wolves,27,26.6,48.9,38,418,3420,38.0,47,36,83,43,4,4,102,4.0,46.7,43.6,31.8,75.4,671,1180
2024-2025,Arsenal,25,26.6,56.8,33,363,2970,33.0,59,48,107,57,2,2,63,5.0,51.8,50.3,39.8,90.1,739,1609
2024-2025,Aston Villa,28,27.8,51.4,33,363,2970,33.0,51,41,92,49,2,5,65,2.0,50.6,46.6,37.7,84.3,633,1174
2024-2025,Bournemouth,29,25.8,48.0,33,363,2970,33.0,51,37,88,45,6,7,84,1.0,59.0,53.5,40.3,93.8,660,1318
2024-2025,Brentford,28,26.6,47.7,33,363,2970,33.0,56,37,93,51,5,5,48,1.0,49.7,45.8,36.1,81.9,516,1180
2024-2025,Brighton,31,25.6,52.5,33,363,2970,33.0,51,33,84,46,5,5,72,3.0,50.7,46.9,35.3,82.2,696,1332
2024-2025,Chelsea,29,24.4,58.4,33,363,2970,33.0,56,43,99,53,3,4,94,1.0,61.3,58.1,47.6,105.7,762,1430
2024-2025,Crystal Palace,29,26.9,43.3,33,363,2970,33.0,39,31,70,37,2,3,74,4.0,49.6,47.2,37.6,84.9,440,1013
2024-2025,Everton,26,28.8,40.3,33,363,2970,33.0,31,20,51,29,2,2,73,2.0,35.9,34.3,27.2,61.5,421,881
2024-2025,Fulham,26,28.7,51.9,33,363,2970,33.0,47,40,87,44,3,4,69,2.0,42.8,39.6,33.1,72.7,680,1338
2024-2025,Ipswich Town,32,26.5,40.5,33,363,2970,33.0,32,24,56,30,2,2,81,4.0,30.3,28.8,21.0,49.8,436,804
2024-2025,Leicester City,30,27.3,45.5,33,363,2970,33.0,27,21,48,25,2,2,76,0.0,28.0,26.5,22.2,48.7,519,954
2024-2025,Liverpool,24,27.9,57.7,33,363,2970,33.0,75,56,131,66,9,9,60,2.0,72.2,65.2,52.7,117.9,721,1673
2024-2025,Manchester City,29,27.5,61.4,33,363,2970,33.0,63,46,109,61,2,3,55,1.0,59.8,57.4,48.1,105.5,991,1675
2024-2025,Manchester Utd,31,26.3,53.0,33,363,2970,33.0,36,24,60,33,3,3,74,3.0,43.4,41.0,32.5,73.5,586,1215
2024-2025,Newcastle Utd,24,28.1,50.3,33,363,2970,33.0,60,46,106,57,3,4,58,1.0,55.4,52.2,40.4,92.6,641,1316
2024-2025,Nott'ham Forest,23,26.9,40.1,32,352,2880,32.0,50,36,86,47,3,3,67,2.0,39.0,36.7,28.6,65.3,537,925
2024-2025,Southampton,35,26.0,49.8,33,363,2970,33.0,23,14,37,23,0,2,82,3.0,29.6,27.9,22.5,50.4,588,1023
2024-2025,Tottenham,31,25.9,56.6,32,352,2880,32.0,57,44,101,55,2,3,62,1.0,52.2,49.8,39.6,89.5,727,1437
2024-2025,West Ham,27,28.8,47.7,33,363,2970,33.0,34,21,55,31,3,3,71,3.0,41.0,38.7,29.3,68.0,544,1056
2024-2025,Wolves,30,27.6,47.3,33,363,2970,33.0,47,36,83,47,0,0,73,2.0,38.0,38.0,30.5,68.5,516,1010
