Season,Rk,Squad,MP,W,D,L,GF,GA,GD,Pts,Pts/MP,xG,xGA,xGD,xGD/90,A_MP,A_W,A_D,A_L,A_GF,A_GA,A_GD,A_Pts,A_Pts/MP,A_xG,A_xGA,A_xGD,A_xGD/90,HomeWinRate,AwayWinRate,HomeGoalsPerMatch,AwayGoalsPerMatch,HomeGoalsConcededPerMatch,AwayGoalsConcededPerMatch,HomePointsPerMatch,AwayPointsPerMatch,TotalMP,TotalW,TotalD,TotalL,TotalGF,TotalGA,TotalGD,TotalPts,OverallWinRate,OverallGoalsPerMatch,OverallGoalsConcededPerMatch,OverallPointsPerMatch,HomeAwayWinRateDiff,HomeAwayGoalsScoredDiff,HomeAwayGoalsConcededDiff,HomeAwayPointsDiff,Poss,PrgC,PrgP,Sh,SoT,SoT%,Succ,Touches,Att 3rd,Att Pen,Live
2017-2018,1,Manchester City,19,16,2,1,61,14,47,50,2.63,43.5,10.7,32.7,1.72,19,16,2,1,45,13,32,50,2.63,35.2,13.1,22.1,1.16,0.8421052631578947,0.8421052631578947,3.210526315789474,2.3684210526315788,0.7368421052631579,0.6842105263157895,2.6315789473684212,2.6315789473684212,38,32,4,2,106,27,79,100,0.8421052631578947,2.789473684210526,0.7105263157894737,2.6315789473684212,0.0,0.8421052631578951,0.05263157894736836,0.0,71.0,1308,2570,656,254,38.7,503,33628,9719,1255,33620
2017-2018,2,Manchester Utd,19,15,2,2,38,9,29,47,2.47,31.9,15.1,16.8,0.88,19,10,4,5,30,19,11,34,1.79,23.8,25.6,-1.7,-0.09,0.7894736842105263,0.5263157894736842,2.0,1.5789473684210527,0.47368421052631576,1.0,2.473684210526316,1.7894736842105263,38,25,6,7,68,28,40,81,0.6578947368421053,1.7894736842105263,0.7368421052631579,2.1315789473684212,0.26315789473684215,0.42105263157894735,-0.5263157894736843,0.6842105263157896,54.7,920,1564,509,170,33.4,466,25907,7107,895,25904
2017-2018,3,Tottenham,19,13,4,2,40,16,24,43,2.26,34.4,15.0,19.4,1.02,19,10,4,5,34,20,14,34,1.79,30.3,18.9,11.4,0.6,0.6842105263157895,0.5263157894736842,2.1052631578947367,1.7894736842105263,0.8421052631578947,1.0526315789473684,2.263157894736842,1.7894736842105263,38,23,8,7,74,36,38,77,0.6052631578947368,1.9473684210526316,0.9473684210526315,2.026315789473684,0.1578947368421053,0.3157894736842104,-0.21052631578947367,0.4736842105263157,61.8,862,2249,620,209,33.7,436,27821,7466,949,27818
2017-2018,4,Liverpool,19,12,7,0,45,10,35,43,2.26,40.9,10.6,30.3,1.6,19,9,5,5,39,28,11,32,1.68,31.9,23.1,8.8,0.46,0.631578947368421,0.47368421052631576,2.3684210526315788,2.0526315789473686,0.5263157894736842,1.4736842105263157,2.263157894736842,1.6842105263157894,38,21,12,5,84,38,46,75,0.5526315789473685,2.210526315789474,1.0,1.9736842105263157,0.15789473684210525,0.3157894736842102,-0.9473684210526315,0.5789473684210527,60.3,982,2236,635,226,35.6,440,28759,7291,1064,28756
2017-2018,5,Chelsea,19,11,4,4,30,16,14,37,1.95,30.3,14.9,15.4,0.81,19,10,3,6,32,22,10,33,1.74,24.1,18.9,5.2,0.27,0.5789473684210527,0.5263157894736842,1.5789473684210527,1.6842105263157894,0.8421052631578947,1.1578947368421053,1.9473684210526316,1.736842105263158,38,21,7,10,62,38,24,70,0.5526315789473685,1.631578947368421,1.0,1.8421052631578947,0.052631578947368474,-0.10526315789473673,-0.3157894736842106,0.21052631578947367,55.6,1045,1998,603,210,34.8,513,27165,7334,988,27162
2017-2018,6,Arsenal,19,15,2,2,54,20,34,47,2.47,44.5,21.0,23.6,1.24,19,4,4,11,20,31,-11,16,0.84,23.7,26.8,-3.1,-0.16,0.7894736842105263,0.21052631578947367,2.8421052631578947,1.0526315789473684,1.0526315789473684,1.631578947368421,2.473684210526316,0.8421052631578947,38,19,6,13,74,51,23,63,0.5,1.9473684210526316,1.3421052631578947,1.6578947368421053,0.5789473684210527,1.7894736842105263,-0.5789473684210527,1.6315789473684212,61.4,915,2223,589,223,37.9,383,29146,8306,1104,29141
2017-2018,7,Burnley,19,7,5,7,16,17,-1,26,1.37,17.2,24.2,-7.0,-0.37,19,7,7,5,20,22,-2,28,1.47,15.1,27.0,-11.8,-0.62,0.3684210526315789,0.3684210526315789,0.8421052631578947,1.0526315789473684,0.8947368421052632,1.1578947368421053,1.368421052631579,1.4736842105263157,38,14,12,12,36,39,-3,54,0.3684210526315789,0.9473684210526315,1.0263157894736843,1.4210526315789473,0.0,-0.21052631578947367,-0.26315789473684215,-0.10526315789473673,43.7,431,1103,378,126,33.3,218,19452,4332,589,19452
2017-2018,8,Everton,19,10,4,5,28,22,6,34,1.79,21.3,22.9,-1.7,-0.09,19,3,6,10,16,36,-20,15,0.79,19.2,29.4,-10.2,-0.54,0.5263157894736842,0.15789473684210525,1.4736842105263157,0.8421052631578947,1.1578947368421053,1.894736842105263,1.7894736842105263,0.7894736842105263,38,13,10,15,44,58,-14,49,0.34210526315789475,1.1578947368421053,1.5263157894736843,1.2894736842105263,0.3684210526315789,0.631578947368421,-0.7368421052631577,1.0,45.5,477,1161,351,110,31.3,264,20994,4900,608,20986
2017-2018,9,Leicester City,19,7,6,6,25,22,3,27,1.42,26.9,19.4,7.5,0.39,19,5,5,9,31,38,-7,20,1.05,23.1,28.7,-5.6,-0.29,0.3684210526315789,0.2631578947368421,1.3157894736842106,1.631578947368421,1.1578947368421053,2.0,1.4210526315789473,1.0526315789473684,38,12,11,15,56,60,-4,47,0.3157894736842105,1.4736842105263157,1.5789473684210527,1.236842105263158,0.10526315789473684,-0.3157894736842104,-0.8421052631578947,0.368421052631579,48.0,655,1271,417,137,32.9,422,21322,4964,673,21316
2017-2018,10,Newcastle Utd,19,8,4,7,21,17,4,28,1.47,22.3,20.7,1.5,0.08,19,4,4,11,18,30,-12,16,0.84,19.4,31.7,-12.3,-0.65,0.42105263157894735,0.21052631578947367,1.105263157894737,0.9473684210526315,0.8947368421052632,1.5789473684210527,1.4736842105263157,0.8421052631578947,38,12,8,18,39,47,-8,44,0.3157894736842105,1.0263157894736843,1.236842105263158,1.1578947368421053,0.21052631578947367,0.15789473684210542,-0.6842105263157895,0.631578947368421,41.7,548,1145,450,146,32.4,304,20180,4531,601,20179
2017-2018,11,Crystal Palace,19,7,5,7,29,27,2,26,1.37,33.8,20.7,13.2,0.69,19,4,6,9,16,28,-12,18,0.95,19.7,27.6,-7.9,-0.42,0.3684210526315789,0.21052631578947367,1.5263157894736843,0.8421052631578947,1.4210526315789473,1.4736842105263157,1.368421052631579,0.9473684210526315,38,11,11,16,45,55,-10,44,0.2894736842105263,1.1842105263157894,1.4473684210526316,1.1578947368421053,0.15789473684210525,0.6842105263157896,-0.05263157894736836,0.42105263157894746,45.2,727,1308,466,134,28.8,479,20777,5293,811,20767
2017-2018,12,Bournemouth,19,7,5,7,26,30,-4,26,1.37,23.5,28.0,-4.5,-0.24,19,4,6,9,19,31,-12,18,0.95,15.2,31.2,-15.9,-0.84,0.3684210526315789,0.21052631578947367,1.368421052631579,1.0,1.5789473684210527,1.631578947368421,1.368421052631579,0.9473684210526315,38,11,11,16,45,61,-16,44,0.2894736842105263,1.1842105263157894,1.605263157894737,1.1578947368421053,0.15789473684210525,0.368421052631579,-0.05263157894736836,0.42105263157894746,48.1,702,1526,462,153,33.1,343,22240,5366,780,22237
2017-2018,13,West Ham,19,7,6,6,24,26,-2,27,1.42,18.2,21.4,-3.2,-0.17,19,3,6,10,24,42,-18,15,0.79,18.6,33.8,-15.2,-0.8,0.3684210526315789,0.15789473684210525,1.263157894736842,1.263157894736842,1.368421052631579,2.210526315789474,1.4210526315789473,0.7894736842105263,38,10,12,16,48,68,-20,42,0.2631578947368421,1.263157894736842,1.7894736842105263,1.105263157894737,0.21052631578947367,0.0,-0.8421052631578949,0.631578947368421,45.2,523,1179,368,127,34.5,423,20454,4647,591,20450
2017-2018,14,Watford,19,7,6,6,27,31,-4,27,1.42,22.7,25.7,-3.0,-0.16,19,4,2,13,17,33,-16,14,0.74,22.3,26.1,-3.8,-0.2,0.3684210526315789,0.21052631578947367,1.4210526315789473,0.8947368421052632,1.631578947368421,1.736842105263158,1.4210526315789473,0.7368421052631579,38,11,8,19,44,64,-20,41,0.2894736842105263,1.1578947368421053,1.6842105263157894,1.0789473684210527,0.15789473684210525,0.5263157894736842,-0.10526315789473695,0.6842105263157895,49.7,647,1455,434,126,29.0,332,21692,5377,783,21686
2017-2018,15,Brighton,19,7,8,4,24,25,-1,29,1.53,23.8,22.0,1.8,0.1,19,2,5,12,10,29,-19,11,0.58,13.2,28.8,-15.6,-0.82,0.3684210526315789,0.10526315789473684,1.263157894736842,0.5263157894736842,1.3157894736842106,1.5263157894736843,1.5263157894736843,0.5789473684210527,38,9,13,16,34,54,-20,40,0.23684210526315788,0.8947368421052632,1.4210526315789473,1.0526315789473684,0.2631578947368421,0.7368421052631579,-0.21052631578947367,0.9473684210526316,43.7,523,1230,377,110,29.2,299,20478,4463,594,20471
2017-2018,16,Huddersfield,19,6,5,8,16,25,-9,23,1.21,17.4,21.2,-3.8,-0.2,19,3,5,11,12,33,-21,14,0.74,13.9,27.3,-13.4,-0.7,0.3157894736842105,0.15789473684210525,0.8421052631578947,0.631578947368421,1.3157894736842106,1.736842105263158,1.2105263157894737,0.7368421052631579,38,9,10,19,28,58,-30,37,0.23684210526315788,0.7368421052631579,1.5263157894736843,0.9736842105263158,0.15789473684210525,0.21052631578947367,-0.42105263157894735,0.4736842105263158,45.7,627,1210,360,106,29.4,276,21340,5064,533,21338
2017-2018,17,Southampton,19,4,7,8,20,26,-6,19,1.0,23.4,18.0,5.4,0.28,19,3,8,8,17,30,-13,17,0.89,16.5,27.2,-10.7,-0.56,0.21052631578947367,0.15789473684210525,1.0526315789473684,0.8947368421052632,1.368421052631579,1.5789473684210527,1.0,0.8947368421052632,38,7,15,16,37,56,-19,36,0.18421052631578946,0.9736842105263158,1.4736842105263157,0.9473684210526315,0.05263157894736842,0.1578947368421052,-0.21052631578947367,0.10526315789473684,51.3,694,1609,447,136,30.4,379,23169,5644,700,23166
2017-2018,18,Swansea City,19,6,3,10,17,24,-7,21,1.11,21.0,25.5,-4.5,-0.23,19,2,6,11,11,32,-21,12,0.63,10.6,33.2,-22.6,-1.19,0.3157894736842105,0.10526315789473684,0.8947368421052632,0.5789473684210527,1.263157894736842,1.6842105263157894,1.105263157894737,0.631578947368421,38,8,9,21,28,56,-28,33,0.21052631578947367,0.7368421052631579,1.4736842105263157,0.868421052631579,0.21052631578947367,0.3157894736842105,-0.42105263157894735,0.47368421052631593,45.3,596,1194,338,95,28.1,318,21278,4554,536,21277
2017-2018,19,Stoke City,19,5,5,9,20,30,-10,20,1.05,20.0,29.3,-9.4,-0.49,19,2,7,10,15,38,-23,13,0.68,16.5,33.2,-16.7,-0.88,0.2631578947368421,0.10526315789473684,1.0526315789473684,0.7894736842105263,1.5789473684210527,2.0,1.0526315789473684,0.6842105263157895,38,7,12,19,35,68,-33,33,0.18421052631578946,0.9210526315789473,1.7894736842105263,0.868421052631579,0.15789473684210525,0.26315789473684204,-0.42105263157894735,0.36842105263157887,41.4,477,1150,380,122,32.1,325,18935,4268,596,18932
2017-2018,20,West Brom,19,3,9,7,21,29,-8,18,0.95,22.1,20.3,1.9,0.1,19,3,4,12,10,27,-17,13,0.68,14.3,27.7,-13.3,-0.7,0.15789473684210525,0.15789473684210525,1.105263157894737,0.5263157894736842,1.5263157894736843,1.4210526315789473,0.9473684210526315,0.6842105263157895,38,6,13,19,31,56,-25,31,0.15789473684210525,0.8157894736842105,1.4736842105263157,0.8157894736842105,0.0,0.5789473684210528,0.10526315789473695,0.26315789473684204,40.7,507,1106,377,111,29.4,321,19184,4468,586,19183
2018-2019,1,Manchester City,19,18,0,1,57,12,45,54,2.84,50.1,13.5,36.6,1.93,19,14,2,3,38,11,27,44,2.32,34.2,11.3,23.0,1.21,0.9473684210526315,0.7368421052631579,3.0,2.0,0.631578947368421,0.5789473684210527,2.8421052631578947,2.3157894736842106,38,32,2,4,95,23,72,98,0.8421052631578947,2.5,0.6052631578947368,2.5789473684210527,0.21052631578947367,1.0,0.05263157894736836,0.5263157894736841,67.9,1325,2429,679,252,37.1,437,32238,9800,1458,32234
2018-2019,2,Liverpool,19,17,2,0,55,10,45,53,2.79,42.2,13.2,28.9,1.52,19,13,5,1,34,12,22,44,2.32,31.6,15.6,16.0,0.84,0.8947368421052632,0.6842105263157895,2.8947368421052633,1.7894736842105263,0.5263157894736842,0.631578947368421,2.789473684210526,2.3157894736842106,38,30,7,1,89,22,67,97,0.7894736842105263,2.3421052631578947,0.5789473684210527,2.5526315789473686,0.21052631578947367,1.105263157894737,-0.10526315789473684,0.4736842105263155,61.8,857,2008,568,211,37.1,356,29528,7500,1124,29521
2018-2019,3,Chelsea,19,12,6,1,39,12,27,42,2.21,31.0,14.4,16.6,0.87,19,9,3,7,24,27,-3,30,1.58,27.6,22.0,5.6,0.29,0.631578947368421,0.47368421052631576,2.0526315789473686,1.263157894736842,0.631578947368421,1.4210526315789473,2.210526315789474,1.5789473684210527,38,21,9,8,63,39,24,72,0.5526315789473685,1.6578947368421053,1.0263157894736843,1.894736842105263,0.15789473684210525,0.7894736842105265,-0.7894736842105263,0.6315789473684212,62.9,1058,2155,602,192,31.9,449,30774,8968,1029,30769
2018-2019,4,Tottenham,19,12,2,5,34,16,18,38,2.0,31.3,24.3,6.9,0.36,19,11,0,8,33,23,10,33,1.74,23.6,22.8,0.8,0.04,0.631578947368421,0.5789473684210527,1.7894736842105263,1.736842105263158,0.8421052631578947,1.2105263157894737,2.0,1.736842105263158,38,23,2,13,67,39,28,71,0.6052631578947368,1.763157894736842,1.0263157894736843,1.868421052631579,0.05263157894736836,0.05263157894736836,-0.368421052631579,0.26315789473684204,59.0,840,1744,533,182,34.1,370,27311,6402,884,27307
2018-2019,5,Arsenal,19,14,3,2,42,16,26,45,2.37,34.6,23.5,11.0,0.58,19,7,4,8,31,35,-4,25,1.32,25.5,30.7,-5.2,-0.27,0.7368421052631579,0.3684210526315789,2.210526315789474,1.631578947368421,0.8421052631578947,1.8421052631578947,2.3684210526315788,1.3157894736842106,38,21,7,10,73,51,22,70,0.5526315789473685,1.9210526315789473,1.3421052631578947,1.8421052631578947,0.3684210526315789,0.5789473684210529,-1.0,1.0526315789473681,58.1,868,1874,462,159,34.4,304,26670,6492,984,26665
2018-2019,6,Manchester Utd,19,10,6,3,33,25,8,36,1.89,31.8,21.6,10.2,0.54,19,9,3,7,32,29,3,30,1.58,29.7,29.0,0.6,0.03,0.5263157894736842,0.47368421052631576,1.736842105263158,1.6842105263157894,1.3157894736842106,1.5263157894736843,1.894736842105263,1.5789473684210527,38,19,9,10,65,54,11,66,0.5,1.7105263157894737,1.4210526315789473,1.736842105263158,0.05263157894736842,0.052631578947368585,-0.21052631578947367,0.3157894736842104,54.7,801,1668,514,210,40.9,321,25095,5992,893,25083
2018-2019,7,Wolves,19,10,4,5,28,21,7,34,1.79,31.3,18.9,12.4,0.65,19,6,5,8,19,25,-6,23,1.21,20.9,23.2,-2.3,-0.12,0.5263157894736842,0.3157894736842105,1.4736842105263157,1.0,1.105263157894737,1.3157894736842106,1.7894736842105263,1.2105263157894737,38,16,9,13,47,46,1,57,0.42105263157894735,1.236842105263158,1.2105263157894737,1.5,0.21052631578947367,0.4736842105263157,-0.21052631578947367,0.5789473684210527,46.8,743,1350,473,144,30.4,331,22684,5061,705,22680
2018-2019,8,Everton,19,10,4,5,30,21,9,34,1.79,28.0,21.7,6.2,0.33,19,5,5,9,24,25,-1,20,1.05,21.7,24.0,-2.3,-0.12,0.5263157894736842,0.2631578947368421,1.5789473684210527,1.263157894736842,1.105263157894737,1.3157894736842106,1.7894736842105263,1.0526315789473684,38,15,9,14,54,46,8,54,0.39473684210526316,1.4210526315789473,1.2105263157894737,1.4210526315789473,0.2631578947368421,0.3157894736842106,-0.21052631578947367,0.736842105263158,51.5,697,1581,493,163,33.1,328,23015,5873,856,23011
2018-2019,9,Leicester City,19,8,3,8,24,20,4,27,1.42,26.3,19.9,6.5,0.34,19,7,4,8,27,28,-1,25,1.32,26.1,23.8,2.3,0.12,0.42105263157894735,0.3684210526315789,1.263157894736842,1.4210526315789473,1.0526315789473684,1.4736842105263157,1.4210526315789473,1.3157894736842106,38,15,7,16,51,48,3,52,0.39473684210526316,1.3421052631578947,1.263157894736842,1.368421052631579,0.05263157894736842,-0.1578947368421053,-0.42105263157894735,0.10526315789473673,50.9,752,1537,508,173,34.1,392,23657,5824,804,23650
2018-2019,10,West Ham,19,9,4,6,32,27,5,31,1.63,25.2,23.3,1.9,0.1,19,6,3,10,20,28,-8,21,1.11,22.5,38.6,-16.2,-0.85,0.47368421052631576,0.3157894736842105,1.6842105263157894,1.0526315789473684,1.4210526315789473,1.4736842105263157,1.631578947368421,1.105263157894737,38,15,7,16,52,55,-3,52,0.39473684210526316,1.368421052631579,1.4473684210526316,1.368421052631579,0.15789473684210525,0.631578947368421,-0.05263157894736836,0.5263157894736841,48.6,731,1478,436,149,34.2,389,22541,5350,782,22536
2018-2019,11,Watford,19,8,3,8,26,28,-2,27,1.42,23.1,29.2,-6.2,-0.32,19,6,5,8,26,31,-5,23,1.21,25.2,30.0,-4.8,-0.25,0.42105263157894735,0.3157894736842105,1.368421052631579,1.368421052631579,1.4736842105263157,1.631578947368421,1.4210526315789473,1.2105263157894737,38,14,8,16,52,59,-7,50,0.3684210526315789,1.368421052631579,1.5526315789473684,1.3157894736842106,0.10526315789473684,0.0,-0.1578947368421053,0.21052631578947367,46.7,588,1294,436,148,33.9,292,21508,5303,845,21507
2018-2019,12,Crystal Palace,19,5,5,9,19,23,-4,20,1.05,28.1,23.5,4.7,0.25,19,9,2,8,32,30,2,29,1.53,19.5,26.6,-7.2,-0.38,0.2631578947368421,0.47368421052631576,1.0,1.6842105263157894,1.2105263157894737,1.5789473684210527,1.0526315789473684,1.5263157894736843,38,14,7,17,51,53,-2,49,0.3684210526315789,1.3421052631578947,1.394736842105263,1.2894736842105263,-0.21052631578947367,-0.6842105263157894,-0.368421052631579,-0.47368421052631593,45.2,771,1458,482,135,28.0,377,21679,5112,889,21668
2018-2019,13,Newcastle Utd,19,8,1,10,24,25,-1,25,1.32,22.6,25.2,-2.6,-0.14,19,4,8,7,18,23,-5,20,1.05,16.5,28.3,-11.9,-0.62,0.42105263157894735,0.21052631578947367,1.263157894736842,0.9473684210526315,1.3157894736842106,1.2105263157894737,1.3157894736842106,1.0526315789473684,38,12,9,17,42,48,-6,45,0.3157894736842105,1.105263157894737,1.263157894736842,1.1842105263157894,0.21052631578947367,0.3157894736842105,0.10526315789473695,0.26315789473684226,40.4,467,985,443,136,30.7,236,20048,4458,641,20045
2018-2019,14,Bournemouth,19,8,5,6,30,25,5,29,1.53,27.7,25.2,2.5,0.13,19,5,1,13,26,45,-19,16,0.84,25.6,32.0,-6.4,-0.34,0.42105263157894735,0.2631578947368421,1.5789473684210527,1.368421052631579,1.3157894736842106,2.3684210526315788,1.5263157894736843,0.8421052631578947,38,13,6,19,56,70,-14,45,0.34210526315789475,1.4736842105263157,1.8421052631578947,1.1842105263157894,0.15789473684210525,0.21052631578947367,-1.0526315789473681,0.6842105263157896,46.9,738,1435,437,153,35.0,291,22079,5257,847,22071
2018-2019,15,Burnley,19,7,2,10,24,32,-8,23,1.21,25.6,26.3,-0.8,-0.04,19,4,5,10,21,36,-15,17,0.89,18.8,35.7,-16.9,-0.89,0.3684210526315789,0.21052631578947367,1.263157894736842,1.105263157894737,1.6842105263157894,1.894736842105263,1.2105263157894737,0.8947368421052632,38,11,7,20,45,68,-23,40,0.2894736842105263,1.1842105263157894,1.7894736842105263,1.0526315789473684,0.15789473684210525,0.1578947368421051,-0.21052631578947367,0.3157894736842105,41.2,421,1032,358,112,31.3,207,19189,4395,634,19186
2018-2019,16,Southampton,19,5,8,6,27,30,-3,23,1.21,24.6,25.0,-0.4,-0.02,19,4,4,11,18,35,-17,16,0.84,22.3,30.1,-7.8,-0.41,0.2631578947368421,0.21052631578947367,1.4210526315789473,0.9473684210526315,1.5789473684210527,1.8421052631578947,1.2105263157894737,0.8421052631578947,38,9,12,17,45,65,-20,39,0.23684210526315788,1.1842105263157894,1.7105263157894737,1.0263157894736843,0.05263157894736842,0.4736842105263158,-0.26315789473684204,0.368421052631579,43.4,603,1333,479,155,32.4,287,20812,5087,709,20807
2018-2019,17,Brighton,19,6,5,8,19,28,-9,23,1.21,19.9,24.0,-4.1,-0.22,19,3,4,12,16,32,-16,13,0.68,15.4,35.1,-19.7,-1.04,0.3157894736842105,0.15789473684210525,1.0,0.8421052631578947,1.4736842105263157,1.6842105263157894,1.2105263157894737,0.6842105263157895,38,9,9,20,35,60,-25,36,0.23684210526315788,0.9210526315789473,1.5789473684210527,0.9473684210526315,0.15789473684210525,0.1578947368421053,-0.21052631578947367,0.5263157894736842,42.4,475,1150,364,99,27.2,269,20254,4366,581,20249
2018-2019,18,Cardiff City,19,6,2,11,21,38,-17,20,1.05,24.6,25.5,-1.0,-0.05,19,4,2,13,13,31,-18,14,0.74,17.8,35.9,-18.2,-0.96,0.3157894736842105,0.21052631578947367,1.105263157894737,0.6842105263157895,2.0,1.631578947368421,1.0526315789473684,0.7368421052631579,38,10,4,24,34,69,-35,34,0.2631578947368421,0.8947368421052632,1.8157894736842106,0.8947368421052632,0.10526315789473684,0.42105263157894746,0.368421052631579,0.3157894736842105,35.4,434,918,413,113,27.4,260,16261,4470,713,16257
2018-2019,19,Fulham,19,6,3,10,22,36,-14,21,1.11,24.0,27.8,-3.7,-0.2,19,1,2,16,12,45,-33,5,0.26,17.3,40.4,-23.1,-1.22,0.3157894736842105,0.05263157894736842,1.1578947368421053,0.631578947368421,1.894736842105263,2.3684210526315788,1.105263157894737,0.2631578947368421,38,7,5,26,34,81,-47,26,0.18421052631578946,0.8947368421052632,2.1315789473684212,0.6842105263157895,0.2631578947368421,0.5263157894736843,-0.4736842105263157,0.8421052631578949,48.8,628,1487,451,140,31.0,352,23757,4743,592,23754
2018-2019,20,Huddersfield,19,2,3,14,10,31,-21,9,0.47,16.2,28.0,-11.8,-0.62,19,1,4,14,12,45,-33,7,0.37,12.6,32.9,-20.3,-1.07,0.10526315789473684,0.05263157894736842,0.5263157894736842,0.631578947368421,1.631578947368421,2.3684210526315788,0.47368421052631576,0.3684210526315789,38,3,7,28,22,76,-54,16,0.07894736842105263,0.5789473684210527,2.0,0.42105263157894735,0.05263157894736842,-0.10526315789473684,-0.7368421052631577,0.10526315789473684,47.2,601,1248,400,116,29.0,230,21977,5306,600,21976
2019-2020,1,Liverpool,19,18,1,0,52,16,36,55,2.89,39.1,16.9,22.1,1.16,19,14,2,3,33,17,16,44,2.32,29.8,20.8,9.0,0.47,0.9473684210526315,0.7368421052631579,2.736842105263158,1.736842105263158,0.8421052631578947,0.8947368421052632,2.8947368421052633,2.3157894736842106,38,32,3,3,85,33,52,99,0.8421052631578947,2.236842105263158,0.868421052631579,2.6052631578947367,0.21052631578947367,1.0,-0.052631578947368474,0.5789473684210527,62.9,967,1941,586,224,38.2,387,29749,7909,1193,29744
2019-2020,2,Manchester City,19,15,2,2,57,13,44,47,2.47,45.7,14.4,31.3,1.65,19,11,1,7,45,22,23,34,1.79,46.2,21.8,24.5,1.29,0.7894736842105263,0.5789473684210527,3.0,2.3684210526315788,0.6842105263157895,1.1578947368421053,2.473684210526316,1.7894736842105263,38,26,3,9,102,35,67,81,0.6842105263157895,2.6842105263157894,0.9210526315789473,2.1315789473684212,0.21052631578947367,0.6315789473684212,-0.4736842105263158,0.6842105263157896,66.2,1199,2460,735,250,34.0,487,31884,9720,1473,31873
2019-2020,3,Manchester Utd,19,10,7,2,40,17,23,37,1.95,33.7,18.0,15.7,0.82,19,8,5,6,26,19,7,29,1.53,28.5,19.7,8.8,0.46,0.5263157894736842,0.42105263157894735,2.1052631578947367,1.368421052631579,0.8947368421052632,1.0,1.9473684210526316,1.5263157894736843,38,18,12,8,66,36,30,66,0.47368421052631576,1.736842105263158,0.9473684210526315,1.736842105263158,0.10526315789473684,0.7368421052631577,-0.10526315789473684,0.42105263157894735,55.8,926,1788,530,201,37.9,446,25838,6993,878,25824
2019-2020,4,Chelsea,19,11,3,5,30,16,14,36,1.89,40.4,11.9,28.5,1.5,19,9,3,7,39,38,1,30,1.58,28.8,26.7,2.1,0.11,0.5789473684210527,0.47368421052631576,1.5789473684210527,2.0526315789473686,0.8421052631578947,2.0,1.894736842105263,1.5789473684210527,38,20,6,12,69,54,15,66,0.5263157894736842,1.8157894736842106,1.4210526315789473,1.736842105263158,0.10526315789473689,-0.47368421052631593,-1.1578947368421053,0.3157894736842104,60.4,983,1897,618,210,34.0,460,29489,7423,1063,29482
2019-2020,5,Leicester City,19,11,4,4,35,17,18,37,1.95,28.4,21.9,6.5,0.34,19,7,4,8,32,24,8,25,1.32,33.8,23.6,10.2,0.54,0.5789473684210527,0.3684210526315789,1.8421052631578947,1.6842105263157894,0.8947368421052632,1.263157894736842,1.9473684210526316,1.3157894736842106,38,18,8,12,67,41,26,62,0.47368421052631576,1.763157894736842,1.0789473684210527,1.631578947368421,0.21052631578947373,0.1578947368421053,-0.36842105263157887,0.631578947368421,57.1,739,1612,533,183,34.3,377,26247,6415,925,26240
2019-2020,6,Tottenham,19,12,3,4,36,17,19,39,2.05,25.6,22.9,2.7,0.14,19,4,8,7,25,30,-5,20,1.05,22.3,31.3,-9.0,-0.47,0.631578947368421,0.21052631578947367,1.894736842105263,1.3157894736842106,0.8947368421052632,1.5789473684210527,2.0526315789473686,1.0526315789473684,38,16,11,11,61,47,14,59,0.42105263157894735,1.605263157894737,1.236842105263158,1.5526315789473684,0.42105263157894735,0.5789473684210524,-0.6842105263157895,1.0000000000000002,52.0,768,1410,440,154,35.0,449,24729,5549,710,24725
2019-2020,7,Wolves,19,8,7,4,27,19,8,31,1.63,29.5,18.1,11.5,0.6,19,7,7,5,24,21,3,28,1.47,24.6,19.9,4.7,0.24,0.42105263157894735,0.3684210526315789,1.4210526315789473,1.263157894736842,1.0,1.105263157894737,1.631578947368421,1.4736842105263157,38,15,14,9,51,40,11,59,0.39473684210526316,1.3421052631578947,1.0526315789473684,1.5526315789473684,0.05263157894736842,0.1578947368421053,-0.10526315789473695,0.1578947368421053,48.3,858,1338,457,142,31.1,509,22660,5105,779,22656
2019-2020,8,Arsenal,19,10,6,3,36,24,12,36,1.89,26.3,29.0,-2.7,-0.14,19,4,8,7,20,24,-4,20,1.05,20.7,26.3,-5.6,-0.3,0.5263157894736842,0.21052631578947367,1.894736842105263,1.0526315789473684,1.263157894736842,1.263157894736842,1.894736842105263,1.0526315789473684,38,14,14,10,56,48,8,56,0.3684210526315789,1.4736842105263157,1.263157894736842,1.4736842105263157,0.3157894736842105,0.8421052631578947,0.0,0.8421052631578947,53.8,815,1641,403,146,36.2,411,24424,5628,821,24421
2019-2020,9,Sheffield Utd,19,10,3,6,24,15,9,33,1.74,26.9,21.3,5.6,0.29,19,4,9,6,15,24,-9,21,1.11,16.2,29.7,-13.5,-0.71,0.5263157894736842,0.21052631578947367,1.263157894736842,0.7894736842105263,0.7894736842105263,1.263157894736842,1.736842105263158,1.105263157894737,38,14,12,12,39,39,0,54,0.3684210526315789,1.0263157894736843,1.0263157894736843,1.4210526315789473,0.3157894736842105,0.4736842105263157,-0.4736842105263157,0.631578947368421,43.1,493,1352,352,109,31.0,346,21000,6070,733,20999
2019-2020,10,Burnley,19,8,4,7,24,23,1,28,1.47,30.5,23.9,6.5,0.34,19,7,5,7,19,27,-8,26,1.37,16.9,25.8,-8.9,-0.47,0.42105263157894735,0.3684210526315789,1.263157894736842,1.0,1.2105263157894737,1.4210526315789473,1.4736842105263157,1.368421052631579,38,15,9,14,43,50,-7,54,0.39473684210526316,1.131578947368421,1.3157894736842106,1.4210526315789473,0.05263157894736842,0.26315789473684204,-0.21052631578947367,0.10526315789473673,41.9,437,890,384,124,32.3,246,18827,4410,617,18823
2019-2020,11,Southampton,19,6,3,10,21,35,-14,21,1.11,25.6,29.2,-3.6,-0.19,19,9,4,6,30,25,5,31,1.63,30.5,23.6,6.9,0.36,0.3157894736842105,0.47368421052631576,1.105263157894737,1.5789473684210527,1.8421052631578947,1.3157894736842106,1.105263157894737,1.631578947368421,38,15,7,16,51,60,-9,52,0.39473684210526316,1.3421052631578947,1.5789473684210527,1.368421052631579,-0.15789473684210525,-0.4736842105263157,0.5263157894736841,-0.5263157894736841,48.9,628,1335,494,171,34.6,423,22200,5497,811,22196
2019-2020,12,Everton,19,8,7,4,24,21,3,31,1.63,27.1,24.2,2.9,0.16,19,5,3,11,20,35,-15,18,0.95,23.7,24.1,-0.4,-0.02,0.42105263157894735,0.2631578947368421,1.263157894736842,1.0526315789473684,1.105263157894737,1.8421052631578947,1.631578947368421,0.9473684210526315,38,13,10,15,44,56,-12,49,0.34210526315789475,1.1578947368421053,1.4736842105263157,1.2894736842105263,0.15789473684210525,0.21052631578947367,-0.7368421052631577,0.6842105263157895,49.0,623,1430,468,159,34.0,374,22035,5301,838,22034
2019-2020,13,Newcastle Utd,19,6,8,5,20,21,-1,26,1.37,18.9,30.9,-12.0,-0.63,19,5,3,11,18,37,-19,18,0.95,16.7,34.7,-18.1,-0.95,0.3157894736842105,0.2631578947368421,1.0526315789473684,0.9473684210526315,1.105263157894737,1.9473684210526316,1.368421052631579,0.9473684210526315,38,11,11,16,38,58,-20,44,0.2894736842105263,1.0,1.5263157894736843,1.1578947368421053,0.05263157894736842,0.10526315789473684,-0.8421052631578947,0.42105263157894746,39.0,537,844,398,132,33.2,400,18911,3875,542,18910
2019-2020,14,Crystal Palace,19,6,5,8,15,20,-5,23,1.21,19.0,22.2,-3.2,-0.17,19,5,5,9,16,30,-14,20,1.05,16.8,34.9,-18.0,-0.95,0.3157894736842105,0.2631578947368421,0.7894736842105263,0.8421052631578947,1.0526315789473684,1.5789473684210527,1.2105263157894737,1.0526315789473684,38,11,10,17,31,50,-19,43,0.2894736842105263,0.8157894736842105,1.3157894736842106,1.131578947368421,0.05263157894736842,-0.05263157894736836,-0.5263157894736843,0.1578947368421053,44.8,596,1223,373,115,30.8,432,20928,4876,793,20925
2019-2020,15,Brighton,19,5,7,7,20,27,-7,22,1.16,23.5,25.7,-2.2,-0.12,19,4,7,8,19,27,-8,19,1.0,21.9,29.2,-7.3,-0.39,0.2631578947368421,0.21052631578947367,1.0526315789473684,1.0,1.4210526315789473,1.4210526315789473,1.1578947368421053,1.0,38,9,14,15,39,54,-15,41,0.23684210526315788,1.0263157894736843,1.4210526315789473,1.0789473684210527,0.05263157894736842,0.05263157894736836,0.0,0.1578947368421053,52.2,669,1675,460,139,30.2,335,24387,5693,770,24385
2019-2020,16,West Ham,19,6,4,9,30,33,-3,22,1.16,24.7,29.7,-5.0,-0.26,19,4,5,10,19,29,-10,17,0.89,23.9,34.1,-10.2,-0.54,0.3157894736842105,0.21052631578947367,1.5789473684210527,1.0,1.736842105263158,1.5263157894736843,1.1578947368421053,0.8947368421052632,38,10,9,19,49,62,-13,39,0.2631578947368421,1.2894736842105263,1.631578947368421,1.0263157894736843,0.10526315789473684,0.5789473684210527,0.21052631578947367,0.26315789473684215,44.1,667,1377,413,156,37.8,397,20993,5265,746,20989
2019-2020,17,Aston Villa,19,7,3,9,22,30,-8,24,1.26,23.9,32.1,-8.2,-0.43,19,2,5,12,19,37,-18,11,0.58,20.4,35.6,-15.3,-0.8,0.3684210526315789,0.10526315789473684,1.1578947368421053,1.0,1.5789473684210527,1.9473684210526316,1.263157894736842,0.5789473684210527,38,9,8,21,41,67,-26,35,0.23684210526315788,1.0789473684210527,1.763157894736842,0.9210526315789473,0.2631578947368421,0.1578947368421053,-0.368421052631579,0.6842105263157894,44.1,639,1247,453,147,32.5,352,19977,4969,695,19974
2019-2020,18,Bournemouth,19,5,6,8,22,30,-8,21,1.11,24.2,28.2,-4.0,-0.21,19,4,1,14,18,35,-17,13,0.68,20.6,34.1,-13.4,-0.71,0.2631578947368421,0.21052631578947367,1.1578947368421053,0.9473684210526315,1.5789473684210527,1.8421052631578947,1.105263157894737,0.6842105263157895,38,9,7,22,40,65,-25,34,0.23684210526315788,1.0526315789473684,1.7105263157894737,0.8947368421052632,0.05263157894736842,0.21052631578947378,-0.26315789473684204,0.42105263157894746,44.1,601,1256,385,117,30.4,325,20872,4916,717,20868
2019-2020,19,Watford,19,6,6,7,22,27,-5,24,1.26,29.1,26.9,2.2,0.12,19,2,4,13,14,37,-23,10,0.53,19.7,31.2,-11.5,-0.61,0.3157894736842105,0.10526315789473684,1.1578947368421053,0.7368421052631579,1.4210526315789473,1.9473684210526316,1.263157894736842,0.5263157894736842,38,8,10,20,36,64,-28,34,0.21052631578947367,0.9473684210526315,1.6842105263157894,0.8947368421052632,0.21052631578947367,0.42105263157894746,-0.5263157894736843,0.7368421052631579,42.9,578,1168,416,112,26.9,321,20081,5148,805,20073
2019-2020,20,Norwich City,19,4,3,12,19,37,-18,15,0.79,18.2,33.3,-15.2,-0.8,19,1,3,15,7,38,-31,6,0.32,18.8,33.1,-14.3,-0.75,0.21052631578947367,0.05263157894736842,1.0,0.3684210526315789,1.9473684210526316,2.0,0.7894736842105263,0.3157894736842105,38,5,6,27,26,75,-49,21,0.13157894736842105,0.6842105263157895,1.9736842105263157,0.5526315789473685,0.15789473684210525,0.631578947368421,-0.05263157894736836,0.4736842105263158,49.3,673,1169,407,126,31.0,427,23409,4701,661,23407
2020-2021,1,Manchester City,19,13,2,4,43,17,26,41,2.16,37.2,14.9,22.3,1.18,19,14,3,2,40,15,25,45,2.37,31.0,15.3,15.7,0.83,0.6842105263157895,0.7368421052631579,2.263157894736842,2.1052631578947367,0.8947368421052632,0.7894736842105263,2.1578947368421053,2.3684210526315788,38,27,5,6,83,32,51,86,0.7105263157894737,2.1842105263157894,0.8421052631578947,2.263157894736842,-0.05263157894736836,0.1578947368421053,0.10526315789473684,-0.21052631578947345,63.5,1096,2051,590,211,35.8,485,30700,8504,1196,30691
2020-2021,2,Manchester Utd,19,9,4,6,38,28,10,31,1.63,31.2,22.3,8.9,0.47,19,12,7,0,35,16,19,43,2.26,28.9,19.1,9.7,0.51,0.47368421052631576,0.631578947368421,2.0,1.8421052631578947,1.4736842105263157,0.8421052631578947,1.631578947368421,2.263157894736842,38,21,11,6,73,44,29,74,0.5526315789473685,1.9210526315789473,1.1578947368421053,1.9473684210526316,-0.15789473684210525,0.1578947368421053,0.631578947368421,-0.631578947368421,55.7,877,1832,515,196,38.1,415,26617,7323,921,26606
2020-2021,3,Liverpool,19,10,3,6,29,20,9,33,1.74,31.5,21.1,10.4,0.55,19,10,6,3,39,22,17,36,1.89,36.0,21.8,14.1,0.74,0.5263157894736842,0.5263157894736842,1.5263157894736843,2.0526315789473686,1.0526315789473684,1.1578947368421053,1.736842105263158,1.894736842105263,38,20,9,9,68,42,26,69,0.5263157894736842,1.7894736842105263,1.105263157894737,1.8157894736842106,0.0,-0.5263157894736843,-0.10526315789473695,-0.1578947368421051,62.1,886,2057,602,204,33.9,407,30073,8242,1211,30067
2020-2021,4,Chelsea,19,9,6,4,31,18,13,33,1.74,34.1,15.2,18.9,0.99,19,10,4,5,27,18,9,34,1.79,28.3,15.1,13.2,0.7,0.47368421052631576,0.5263157894736842,1.631578947368421,1.4210526315789473,0.9473684210526315,0.9473684210526315,1.736842105263158,1.7894736842105263,38,19,10,9,58,36,22,67,0.5,1.5263157894736843,0.9473684210526315,1.763157894736842,-0.05263157894736842,0.21052631578947367,0.0,-0.05263157894736836,60.9,895,1798,546,193,35.3,359,29889,7308,1017,29879
2020-2021,5,Leicester City,19,9,1,9,34,30,4,28,1.47,28.2,25.6,2.7,0.14,19,11,5,3,34,20,14,38,2.0,27.6,20.4,7.2,0.38,0.47368421052631576,0.5789473684210527,1.7894736842105263,1.7894736842105263,1.5789473684210527,1.0526315789473684,1.4736842105263157,2.0,38,20,6,12,68,50,18,66,0.5263157894736842,1.7894736842105263,1.3157894736842106,1.736842105263158,-0.10526315789473689,0.0,0.5263157894736843,-0.5263157894736843,54.3,666,1464,473,170,35.9,358,25365,5674,772,25353
2020-2021,6,West Ham,19,10,4,5,32,22,10,34,1.79,24.7,24.9,-0.2,-0.01,19,9,4,6,30,25,5,31,1.63,30.7,23.8,7.0,0.37,0.5263157894736842,0.47368421052631576,1.6842105263157894,1.5789473684210527,1.1578947368421053,1.3157894736842106,1.7894736842105263,1.631578947368421,38,19,8,11,62,47,15,65,0.5,1.631578947368421,1.236842105263158,1.7105263157894737,0.05263157894736842,0.10526315789473673,-0.1578947368421053,0.1578947368421053,43.2,658,1282,464,158,34.1,298,20810,5060,761,20806
2020-2021,7,Tottenham,19,10,3,6,35,20,15,33,1.74,29.6,21.8,7.8,0.41,19,8,5,6,33,25,8,29,1.53,23.5,27.3,-3.8,-0.2,0.5263157894736842,0.42105263157894735,1.8421052631578947,1.736842105263158,1.0526315789473684,1.3157894736842106,1.736842105263158,1.5263157894736843,38,18,8,12,68,45,23,62,0.47368421052631576,1.7894736842105263,1.1842105263157894,1.631578947368421,0.10526315789473684,0.10526315789473673,-0.26315789473684226,0.21052631578947367,51.6,633,1330,438,167,38.1,403,24670,4997,700,24665
2020-2021,8,Arsenal,19,8,4,7,24,21,3,28,1.47,23.0,23.2,-0.2,-0.01,19,10,3,6,31,18,13,33,1.74,28.8,19.8,9.0,0.47,0.42105263157894735,0.5263157894736842,1.263157894736842,1.631578947368421,1.105263157894737,0.9473684210526315,1.4736842105263157,1.736842105263158,38,18,7,13,55,39,16,61,0.47368421052631576,1.4473684210526316,1.0263157894736843,1.605263157894737,-0.10526315789473684,-0.368421052631579,0.15789473684210542,-0.26315789473684226,53.5,758,1760,453,140,30.9,296,25431,6240,910,25425
2020-2021,9,Leeds United,19,8,5,6,28,21,7,29,1.53,30.6,22.9,7.7,0.41,19,10,0,9,34,33,1,30,1.58,25.0,35.0,-10.0,-0.52,0.42105263157894735,0.5263157894736842,1.4736842105263157,1.7894736842105263,1.105263157894737,1.736842105263158,1.5263157894736843,1.5789473684210527,38,18,5,15,62,54,8,59,0.47368421052631576,1.631578947368421,1.4210526315789473,1.5526315789473684,-0.10526315789473684,-0.3157894736842106,-0.631578947368421,-0.05263157894736836,57.3,811,1633,518,193,37.3,318,24873,5695,880,24869
2020-2021,10,Everton,19,6,4,9,24,28,-4,22,1.16,23.3,25.1,-1.8,-0.1,19,11,4,4,23,20,3,37,1.95,22.4,25.0,-2.6,-0.14,0.3157894736842105,0.5789473684210527,1.263157894736842,1.2105263157894737,1.4736842105263157,1.0526315789473684,1.1578947368421053,1.9473684210526316,38,17,8,13,47,48,-1,59,0.4473684210526316,1.236842105263158,1.263157894736842,1.5526315789473684,-0.26315789473684215,0.05263157894736836,0.42105263157894735,-0.7894736842105263,46.4,604,1184,395,143,36.2,362,22845,4585,643,22840
2020-2021,11,Aston Villa,19,7,4,8,29,27,2,25,1.32,27.9,25.9,2.0,0.11,19,9,3,7,26,19,7,30,1.58,24.6,25.2,-0.6,-0.03,0.3684210526315789,0.47368421052631576,1.5263157894736843,1.368421052631579,1.4210526315789473,1.0,1.3157894736842106,1.5789473684210527,38,16,7,15,55,46,9,55,0.42105263157894735,1.4473684210526316,1.2105263157894737,1.4473684210526316,-0.10526315789473684,0.1578947368421053,0.42105263157894735,-0.26315789473684204,48.5,629,1420,514,178,34.6,369,21115,5759,947,21109
2020-2021,12,Newcastle Utd,19,6,5,8,26,33,-7,23,1.21,26.5,24.7,1.8,0.1,19,6,4,9,20,29,-9,22,1.16,16.9,33.6,-16.7,-0.88,0.3157894736842105,0.3157894736842105,1.368421052631579,1.0526315789473684,1.736842105263158,1.5263157894736843,1.2105263157894737,1.1578947368421053,38,12,9,17,46,62,-16,45,0.3157894736842105,1.2105263157894737,1.631578947368421,1.1842105263157894,0.0,0.3157894736842106,0.21052631578947367,0.05263157894736836,38.8,467,903,390,130,33.3,350,18774,3941,552,18767
2020-2021,13,Wolves,19,7,4,8,21,25,-4,25,1.32,19.9,20.6,-0.7,-0.04,19,5,5,9,15,27,-12,20,1.05,16.6,28.9,-12.3,-0.65,0.3684210526315789,0.2631578947368421,1.105263157894737,0.7894736842105263,1.3157894736842106,1.4210526315789473,1.3157894736842106,1.0526315789473684,38,12,9,17,36,52,-16,45,0.3157894736842105,0.9473684210526315,1.368421052631579,1.1842105263157894,0.10526315789473684,0.3157894736842106,-0.10526315789473673,0.26315789473684226,49.3,800,1283,459,149,32.5,468,23259,5206,694,23255
2020-2021,14,Crystal Palace,19,6,5,8,20,32,-12,23,1.21,15.8,28.1,-12.3,-0.65,19,6,3,10,21,34,-13,21,1.11,18.3,30.1,-11.8,-0.62,0.3157894736842105,0.3157894736842105,1.0526315789473684,1.105263157894737,1.6842105263157894,1.7894736842105263,1.2105263157894737,1.105263157894737,38,12,8,18,41,66,-25,44,0.3157894736842105,1.0789473684210527,1.736842105263158,1.1578947368421053,0.0,-0.052631578947368585,-0.10526315789473695,0.10526315789473673,40.6,526,1132,345,127,36.8,365,19798,4410,653,19794
2020-2021,15,Southampton,19,8,3,8,28,25,3,27,1.42,21.0,22.3,-1.3,-0.07,19,4,4,11,19,43,-24,16,0.84,20.3,30.7,-10.5,-0.55,0.42105263157894735,0.21052631578947367,1.4736842105263157,1.0,1.3157894736842106,2.263157894736842,1.4210526315789473,0.8421052631578947,38,12,7,19,47,68,-21,43,0.3157894736842105,1.236842105263158,1.7894736842105263,1.131578947368421,0.21052631578947367,0.4736842105263157,-0.9473684210526314,0.5789473684210527,52.0,626,1195,418,157,37.6,343,23607,4756,698,23601
2020-2021,16,Brighton,19,4,9,6,22,22,0,21,1.11,30.6,14.2,16.4,0.86,19,5,5,9,18,24,-6,20,1.05,20.2,21.1,-0.8,-0.04,0.21052631578947367,0.2631578947368421,1.1578947368421053,0.9473684210526315,1.1578947368421053,1.263157894736842,1.105263157894737,1.0526315789473684,38,9,14,15,40,46,-6,41,0.23684210526315788,1.0526315789473684,1.2105263157894737,1.0789473684210527,-0.05263157894736842,0.21052631578947378,-0.10526315789473673,0.052631578947368585,51.1,685,1516,478,134,28.0,350,23756,5828,885,23747
2020-2021,17,Burnley,19,4,6,9,14,27,-13,18,0.95,20.5,27.3,-6.8,-0.36,19,6,3,10,19,28,-9,21,1.11,18.8,27.3,-8.6,-0.45,0.21052631578947367,0.3157894736842105,0.7368421052631579,1.0,1.4210526315789473,1.4736842105263157,0.9473684210526315,1.105263157894737,38,10,9,19,33,55,-22,39,0.2631578947368421,0.868421052631579,1.4473684210526316,1.0263157894736843,-0.10526315789473684,-0.26315789473684215,-0.05263157894736836,-0.15789473684210542,42.1,389,1012,381,124,32.5,234,19391,4683,699,19388
2020-2021,18,Fulham,19,2,4,13,9,28,-19,10,0.53,18.7,25.9,-7.2,-0.38,19,3,9,7,18,25,-7,18,0.95,21.8,26.7,-4.9,-0.26,0.10526315789473684,0.15789473684210525,0.47368421052631576,0.9473684210526315,1.4736842105263157,1.3157894736842106,0.5263157894736842,0.9473684210526315,38,5,13,20,27,53,-26,28,0.13157894736842105,0.7105263157894737,1.394736842105263,0.7368421052631579,-0.05263157894736842,-0.47368421052631576,0.1578947368421051,-0.42105263157894735,49.7,727,1354,436,125,28.7,506,23810,5567,728,23804
2020-2021,19,West Brom,19,3,6,10,15,39,-24,15,0.79,18.5,35.4,-16.9,-0.89,19,2,5,12,20,37,-17,11,0.58,17.4,32.5,-15.1,-0.8,0.15789473684210525,0.10526315789473684,0.7894736842105263,1.0526315789473684,2.0526315789473686,1.9473684210526316,0.7894736842105263,0.5789473684210527,38,5,11,22,35,76,-41,26,0.13157894736842105,0.9210526315789473,2.0,0.6842105263157895,0.05263157894736842,-0.26315789473684204,0.10526315789473695,0.21052631578947367,37.9,441,1027,335,106,31.6,264,18248,4238,578,18243
2020-2021,20,Sheffield Utd,19,5,1,13,12,27,-15,16,0.84,17.9,30.2,-12.4,-0.65,19,2,1,16,8,36,-28,7,0.37,14.8,32.0,-17.2,-0.91,0.2631578947368421,0.10526315789473684,0.631578947368421,0.42105263157894735,1.4210526315789473,1.894736842105263,0.8421052631578947,0.3684210526315789,38,7,2,29,20,63,-43,23,0.18421052631578946,0.5263157894736842,1.6578947368421053,0.6052631578947368,0.15789473684210525,0.21052631578947367,-0.4736842105263157,0.47368421052631576,41.7,491,1196,319,92,28.8,269,20351,5537,615,20347
2021-2022,1,Manchester City,19,15,2,2,58,15,43,47,2.47,45.6,11.4,34.2,1.8,19,14,4,1,41,11,30,46,2.42,43.1,13.2,29.8,1.57,0.7894736842105263,0.7368421052631579,3.0526315789473686,2.1578947368421053,0.7894736842105263,0.5789473684210527,2.473684210526316,2.4210526315789473,38,29,6,3,99,26,73,93,0.7631578947368421,2.6052631578947367,0.6842105263157895,2.4473684210526314,0.052631578947368474,0.8947368421052633,0.21052631578947367,0.052631578947368585,67.9,1145,2421,704,237,33.7,425,31381,9729,1499,31372
2021-2022,2,Liverpool,19,15,4,0,49,9,40,49,2.58,48.9,12.8,36.1,1.9,19,13,4,2,45,17,28,43,2.26,39.8,20.9,18.8,0.99,0.7894736842105263,0.6842105263157895,2.5789473684210527,2.3684210526315788,0.47368421052631576,0.8947368421052632,2.5789473684210527,2.263157894736842,38,28,8,2,94,26,68,92,0.7368421052631579,2.473684210526316,0.6842105263157895,2.4210526315789473,0.10526315789473684,0.2105263157894739,-0.4210526315789474,0.3157894736842106,62.7,885,2243,721,237,32.9,343,29575,8419,1377,29567
2021-2022,3,Chelsea,19,9,7,3,37,22,15,34,1.79,33.2,18.2,15.1,0.79,19,12,4,3,39,11,28,40,2.11,30.1,15.1,15.0,0.79,0.47368421052631576,0.631578947368421,1.9473684210526316,2.0526315789473686,1.1578947368421053,0.5789473684210527,1.7894736842105263,2.1052631578947367,38,21,11,6,76,33,43,74,0.5526315789473685,2.0,0.868421052631579,1.9473684210526316,-0.15789473684210525,-0.10526315789473695,0.5789473684210527,-0.3157894736842104,61.8,894,1967,583,200,34.3,364,28975,7881,1066,28966
2021-2022,4,Tottenham,19,13,1,5,38,19,19,40,2.11,33.6,18.7,14.8,0.78,19,9,4,6,31,21,10,31,1.63,27.7,20.6,7.1,0.37,0.6842105263157895,0.47368421052631576,2.0,1.631578947368421,1.0,1.105263157894737,2.1052631578947367,1.631578947368421,38,22,5,11,69,40,29,71,0.5789473684210527,1.8157894736842106,1.0526315789473684,1.868421052631579,0.21052631578947373,0.368421052631579,-0.10526315789473695,0.4736842105263157,51.8,791,1459,486,185,38.1,375,24853,5627,864,24848
2021-2022,5,Arsenal,19,13,2,4,35,17,18,41,2.16,37.4,17.7,19.7,1.03,19,9,1,9,26,31,-5,28,1.47,23.2,27.9,-4.8,-0.25,0.6842105263157895,0.47368421052631576,1.8421052631578947,1.368421052631579,0.8947368421052632,1.631578947368421,2.1578947368421053,1.4736842105263157,38,22,3,13,61,48,13,69,0.5789473684210527,1.605263157894737,1.263157894736842,1.8157894736842106,0.21052631578947373,0.4736842105263157,-0.7368421052631579,0.6842105263157896,52.8,734,1655,581,186,32.0,319,23780,6491,982,23772
2021-2022,6,Manchester Utd,19,10,5,4,32,22,10,35,1.84,30.6,20.8,9.9,0.52,19,6,5,8,25,35,-10,23,1.21,25.1,32.2,-7.1,-0.37,0.5263157894736842,0.3157894736842105,1.6842105263157894,1.3157894736842106,1.1578947368421053,1.8421052631578947,1.8421052631578947,1.2105263157894737,38,16,10,12,57,57,0,58,0.42105263157894735,1.5,1.5,1.5263157894736843,0.21052631578947367,0.36842105263157876,-0.6842105263157894,0.631578947368421,52.7,784,1568,503,179,35.6,368,24652,6331,883,24647
2021-2022,7,West Ham,19,9,5,5,33,26,7,32,1.68,28.0,21.6,6.4,0.34,19,7,3,9,27,25,2,24,1.26,23.4,31.9,-8.5,-0.45,0.47368421052631576,0.3684210526315789,1.736842105263158,1.4210526315789473,1.368421052631579,1.3157894736842106,1.6842105263157894,1.263157894736842,38,16,8,14,60,51,9,56,0.42105263157894735,1.5789473684210527,1.3421052631578947,1.4736842105263157,0.10526315789473684,0.3157894736842106,0.05263157894736836,0.42105263157894735,47.9,646,1449,443,142,32.1,306,22331,5543,810,22325
2021-2022,8,Leicester City,19,10,4,5,34,23,11,34,1.79,26.1,28.4,-2.3,-0.12,19,4,6,9,28,36,-8,18,0.95,21.7,30.8,-9.2,-0.48,0.5263157894736842,0.21052631578947367,1.7894736842105263,1.4736842105263157,1.2105263157894737,1.894736842105263,1.7894736842105263,0.9473684210526315,38,14,10,14,62,59,3,52,0.3684210526315789,1.631578947368421,1.5526315789473684,1.368421052631579,0.3157894736842105,0.3157894736842106,-0.6842105263157894,0.8421052631578948,52.0,622,1356,433,164,37.9,297,24409,4962,746,24407
2021-2022,9,Brighton,19,5,7,7,19,23,-4,22,1.16,25.2,19.8,5.4,0.29,19,7,8,4,23,21,2,29,1.53,20.9,23.1,-2.1,-0.11,0.2631578947368421,0.3684210526315789,1.0,1.2105263157894737,1.2105263157894737,1.105263157894737,1.1578947368421053,1.5263157894736843,38,12,15,11,42,44,-2,51,0.3157894736842105,1.105263157894737,1.1578947368421053,1.3421052631578947,-0.10526315789473684,-0.21052631578947367,0.10526315789473673,-0.368421052631579,54.4,676,1547,482,141,29.3,317,24854,6505,876,24847
2021-2022,10,Wolves,19,7,3,9,20,25,-5,24,1.26,19.2,28.9,-9.7,-0.51,19,8,3,8,18,18,0,27,1.42,18.3,28.0,-9.8,-0.51,0.3684210526315789,0.42105263157894735,1.0526315789473684,0.9473684210526315,1.3157894736842106,0.9473684210526315,1.263157894736842,1.4210526315789473,38,15,6,17,38,43,-5,51,0.39473684210526316,1.0,1.131578947368421,1.3421052631578947,-0.05263157894736842,0.10526315789473684,0.3684210526315791,-0.1578947368421053,49.5,723,1283,401,133,33.2,450,23334,4887,703,23333
2021-2022,11,Newcastle Utd,19,8,6,5,26,27,-1,30,1.58,21.2,27.4,-6.2,-0.32,19,5,4,10,18,35,-17,19,1.0,16.9,29.8,-12.8,-0.68,0.42105263157894735,0.2631578947368421,1.368421052631579,0.9473684210526315,1.4210526315789473,1.8421052631578947,1.5789473684210527,1.0,38,13,10,15,44,62,-18,49,0.34210526315789475,1.1578947368421053,1.631578947368421,1.2894736842105263,0.15789473684210525,0.42105263157894746,-0.42105263157894735,0.5789473684210527,40.4,544,923,446,142,31.8,359,18281,4314,727,18278
2021-2022,12,Crystal Palace,19,7,8,4,27,17,10,29,1.53,28.2,17.0,11.2,0.59,19,4,7,8,23,29,-6,19,1.0,18.2,23.7,-5.5,-0.29,0.3684210526315789,0.21052631578947367,1.4210526315789473,1.2105263157894737,0.8947368421052632,1.5263157894736843,1.5263157894736843,1.0,38,11,15,12,50,46,4,48,0.2894736842105263,1.3157894736842106,1.2105263157894737,1.263157894736842,0.15789473684210525,0.21052631578947367,-0.6315789473684211,0.5263157894736843,51.1,592,1229,404,140,34.7,382,23466,4943,749,23458
2021-2022,13,Brentford,19,7,3,9,22,21,1,24,1.26,25.4,20.5,4.9,0.26,19,6,4,9,26,35,-9,22,1.16,20.4,28.0,-7.6,-0.4,0.3684210526315789,0.3157894736842105,1.1578947368421053,1.368421052631579,1.105263157894737,1.8421052631578947,1.263157894736842,1.1578947368421053,38,13,7,18,48,56,-8,46,0.34210526315789475,1.263157894736842,1.4736842105263157,1.2105263157894737,0.05263157894736842,-0.21052631578947367,-0.7368421052631577,0.10526315789473673,44.8,450,1189,436,141,32.3,262,20462,4566,819,20456
2021-2022,14,Aston Villa,19,6,5,8,29,29,0,23,1.21,23.6,24.5,-1.0,-0.05,19,7,1,11,23,25,-2,22,1.16,20.4,24.4,-4.0,-0.21,0.3157894736842105,0.3684210526315789,1.5263157894736843,1.2105263157894737,1.5263157894736843,1.3157894736842106,1.2105263157894737,1.1578947368421053,38,13,6,19,52,54,-2,45,0.34210526315789475,1.368421052631579,1.4210526315789473,1.1842105263157894,-0.05263157894736842,0.3157894736842106,0.21052631578947367,0.05263157894736836,46.5,653,1300,461,159,34.5,333,20609,5049,825,20606
2021-2022,15,Southampton,19,6,7,6,23,24,-1,25,1.32,21.8,24.3,-2.5,-0.13,19,3,6,10,20,43,-23,15,0.79,23.0,35.7,-12.7,-0.67,0.3157894736842105,0.15789473684210525,1.2105263157894737,1.0526315789473684,1.263157894736842,2.263157894736842,1.3157894736842106,0.7894736842105263,38,9,13,16,43,67,-24,40,0.23684210526315788,1.131578947368421,1.763157894736842,1.0526315789473684,0.15789473684210525,0.1578947368421053,-1.0,0.5263157894736843,47.7,728,1326,478,161,33.7,350,21418,5713,830,21414
2021-2022,16,Everton,19,9,2,8,27,25,2,29,1.53,23.6,22.6,1.0,0.05,19,2,4,13,16,41,-25,10,0.53,17.6,32.8,-15.2,-0.8,0.47368421052631576,0.10526315789473684,1.4210526315789473,0.8421052631578947,1.3157894736842106,2.1578947368421053,1.5263157894736843,0.5263157894736842,38,11,6,21,43,66,-23,39,0.2894736842105263,1.131578947368421,1.736842105263158,1.0263157894736843,0.3684210526315789,0.5789473684210527,-0.8421052631578947,1.0,40.0,512,1100,430,130,30.2,337,19075,5013,728,19068
2021-2022,17,Leeds United,19,4,6,9,19,38,-19,18,0.95,25.2,31.6,-6.4,-0.34,19,5,5,9,23,41,-18,20,1.05,19.1,36.2,-17.1,-0.9,0.21052631578947367,0.2631578947368421,1.0,1.2105263157894737,2.0,2.1578947368421053,0.9473684210526315,1.0526315789473684,38,9,11,18,42,79,-37,38,0.23684210526315788,1.105263157894737,2.0789473684210527,1.0,-0.05263157894736842,-0.21052631578947367,-0.1578947368421053,-0.10526315789473684,52.3,671,1483,480,142,29.6,339,22705,4919,789,22700
2021-2022,18,Burnley,19,5,6,8,18,25,-7,21,1.11,22.9,25.7,-2.9,-0.15,19,2,8,9,16,28,-12,14,0.74,16.9,31.4,-14.5,-0.76,0.2631578947368421,0.10526315789473684,0.9473684210526315,0.8421052631578947,1.3157894736842106,1.4736842105263157,1.105263157894737,0.7368421052631579,38,7,14,17,34,53,-19,35,0.18421052631578946,0.8947368421052632,1.394736842105263,0.9210526315789473,0.15789473684210525,0.10526315789473684,-0.1578947368421051,0.3684210526315791,40.2,388,972,405,119,29.4,258,18371,4686,663,18369
2021-2022,19,Watford,19,2,2,15,17,46,-29,8,0.42,19.7,33.9,-14.2,-0.75,19,4,3,12,17,31,-14,15,0.79,20.3,30.6,-10.3,-0.54,0.10526315789473684,0.21052631578947367,0.8947368421052632,0.8947368421052632,2.4210526315789473,1.631578947368421,0.42105263157894735,0.7894736842105263,38,6,5,27,34,77,-43,23,0.15789473684210525,0.8947368421052632,2.026315789473684,0.6052631578947368,-0.10526315789473684,0.0,0.7894736842105263,-0.368421052631579,40.7,557,1070,397,123,31.0,395,19161,4328,625,19159
2021-2022,20,Norwich City,19,3,3,13,12,43,-31,12,0.63,17.2,35.1,-17.8,-0.94,19,2,4,13,11,41,-30,10,0.53,15.1,40.4,-25.3,-1.33,0.15789473684210525,0.10526315789473684,0.631578947368421,0.5789473684210527,2.263157894736842,2.1578947368421053,0.631578947368421,0.5263157894736842,38,5,7,26,23,84,-61,22,0.13157894736842105,0.6052631578947368,2.210526315789474,0.5789473684210527,0.05263157894736842,0.05263157894736836,0.10526315789473673,0.10526315789473684,42.9,566,1031,370,104,28.1,298,20234,4167,601,20231
2022-2023,1,Manchester City,19,17,1,1,60,17,43,52,2.74,42.7,12.8,29.9,1.57,19,11,4,4,34,16,18,37,1.95,35.9,19.3,16.6,0.87,0.8947368421052632,0.5789473684210527,3.1578947368421053,1.7894736842105263,0.8947368421052632,0.8421052631578947,2.736842105263158,1.9473684210526316,38,28,5,5,94,33,61,89,0.7368421052631579,2.473684210526316,0.868421052631579,2.3421052631578947,0.3157894736842105,1.368421052631579,0.052631578947368474,0.7894736842105263,64.7,988,2073,590,205,34.7,336,29895,8301,1277,29885
2022-2023,2,Arsenal,19,14,3,2,53,25,28,45,2.37,42.5,19.2,23.3,1.22,19,12,3,4,35,18,17,39,2.05,29.1,22.7,6.4,0.34,0.7368421052631579,0.631578947368421,2.789473684210526,1.8421052631578947,1.3157894736842106,0.9473684210526315,2.3684210526315788,2.0526315789473686,38,26,6,6,88,43,45,84,0.6842105263157895,2.3157894736842106,1.131578947368421,2.210526315789474,0.10526315789473684,0.9473684210526314,0.3684210526315791,0.3157894736842102,59.3,824,2049,589,194,32.9,358,25910,8015,1296,25906
2022-2023,3,Manchester Utd,19,15,3,1,36,10,26,48,2.53,40.9,19.4,21.5,1.13,19,8,3,8,22,33,-11,27,1.42,26.7,31.0,-4.3,-0.22,0.7894736842105263,0.42105263157894735,1.894736842105263,1.1578947368421053,0.5263157894736842,1.736842105263158,2.526315789473684,1.4210526315789473,38,23,6,9,58,43,15,75,0.6052631578947368,1.5263157894736843,1.131578947368421,1.9736842105263157,0.368421052631579,0.7368421052631577,-1.210526315789474,1.1052631578947367,53.7,711,1595,590,206,34.9,317,24847,6569,1036,24844
2022-2023,4,Newcastle Utd,19,11,6,2,36,14,22,39,2.05,43.3,15.6,27.7,1.46,19,8,8,3,32,19,13,32,1.68,28.6,23.9,4.7,0.25,0.5789473684210527,0.42105263157894735,1.894736842105263,1.6842105263157894,0.7368421052631579,1.0,2.0526315789473686,1.6842105263157894,38,19,14,5,68,33,35,71,0.5,1.7894736842105263,0.868421052631579,1.868421052631579,0.1578947368421053,0.21052631578947367,-0.26315789473684215,0.3684210526315792,52.3,695,1618,565,184,32.6,350,22106,6516,1161,22100
2022-2023,5,Liverpool,19,13,5,1,46,17,29,44,2.32,40.6,20.2,20.4,1.07,19,6,5,8,29,30,-1,23,1.21,30.9,30.5,0.4,0.02,0.6842105263157895,0.3157894736842105,2.4210526315789473,1.5263157894736843,0.8947368421052632,1.5789473684210527,2.3157894736842106,1.2105263157894737,38,19,10,9,75,47,28,67,0.5,1.9736842105263157,1.236842105263158,1.763157894736842,0.368421052631579,0.894736842105263,-0.6842105263157895,1.105263157894737,60.8,719,1992,601,203,33.8,323,28398,7149,1252,28394
2022-2023,6,Brighton,19,10,4,5,37,21,16,34,1.79,40.7,22.6,18.1,0.95,19,8,4,7,35,32,3,28,1.47,32.6,27.5,5.0,0.27,0.5263157894736842,0.42105263157894735,1.9473684210526316,1.8421052631578947,1.105263157894737,1.6842105263157894,1.7894736842105263,1.4736842105263157,38,18,8,12,72,53,19,62,0.47368421052631576,1.894736842105263,1.394736842105263,1.631578947368421,0.10526315789473684,0.10526315789473695,-0.5789473684210524,0.3157894736842106,60.2,809,1849,607,219,36.1,345,26728,6873,1102,26722
2022-2023,7,Aston Villa,19,12,2,5,33,21,12,38,2.0,29.3,23.7,5.7,0.3,19,6,5,8,18,25,-7,23,1.21,20.9,28.8,-7.9,-0.41,0.631578947368421,0.3157894736842105,1.736842105263158,0.9473684210526315,1.105263157894737,1.3157894736842106,2.0,1.2105263157894737,38,18,7,13,51,46,5,61,0.47368421052631576,1.3421052631578947,1.2105263157894737,1.605263157894737,0.3157894736842105,0.7894736842105264,-0.21052631578947367,0.7894736842105263,49.3,637,1242,427,145,34.0,293,21500,4705,746,21495
2022-2023,8,Tottenham,19,12,1,6,37,25,12,37,1.95,31.1,20.5,10.6,0.56,19,6,5,8,33,38,-5,23,1.21,25.9,29.1,-3.2,-0.17,0.631578947368421,0.3157894736842105,1.9473684210526316,1.736842105263158,1.3157894736842106,2.0,1.9473684210526316,1.2105263157894737,38,18,6,14,70,63,7,60,0.47368421052631576,1.8421052631578947,1.6578947368421053,1.5789473684210527,0.3157894736842105,0.21052631578947367,-0.6842105263157894,0.736842105263158,50.0,692,1449,512,186,36.3,306,23836,5135,842,23830
2022-2023,9,Brentford,19,10,7,2,35,18,17,37,1.95,32.8,20.9,11.8,0.62,19,5,7,7,23,28,-5,22,1.16,23.5,27.8,-4.4,-0.23,0.5263157894736842,0.2631578947368421,1.8421052631578947,1.2105263157894737,0.9473684210526315,1.4736842105263157,1.9473684210526316,1.1578947368421053,38,15,14,9,58,46,12,59,0.39473684210526316,1.5263157894736843,1.2105263157894737,1.5526315789473684,0.2631578947368421,0.631578947368421,-0.5263157894736842,0.7894736842105263,43.8,392,1131,400,147,36.8,267,19749,4835,827,19741
2022-2023,10,Fulham,19,8,5,6,31,29,2,29,1.53,24.3,29.7,-5.4,-0.29,19,7,2,10,24,24,0,23,1.21,21.9,33.9,-12.0,-0.63,0.42105263157894735,0.3684210526315789,1.631578947368421,1.263157894736842,1.5263157894736843,1.263157894736842,1.5263157894736843,1.2105263157894737,38,15,7,16,55,53,2,52,0.39473684210526316,1.4473684210526316,1.394736842105263,1.368421052631579,0.05263157894736842,0.368421052631579,0.26315789473684226,0.3157894736842106,48.8,663,1326,420,137,32.6,281,22162,5416,758,22153
2022-2023,11,Crystal Palace,19,7,7,5,21,23,-2,28,1.47,20.3,23.2,-2.9,-0.15,19,4,5,10,19,26,-7,17,0.89,18.9,24.8,-5.9,-0.31,0.3684210526315789,0.21052631578947367,1.105263157894737,1.0,1.2105263157894737,1.368421052631579,1.4736842105263157,0.8947368421052632,38,11,12,15,40,49,-9,45,0.2894736842105263,1.0526315789473684,1.2894736842105263,1.1842105263157894,0.15789473684210525,0.10526315789473695,-0.1578947368421053,0.5789473684210525,46.3,556,1243,423,133,31.4,367,21713,4991,766,21710
2022-2023,12,Chelsea,19,6,7,6,20,19,1,25,1.32,27.3,23.7,3.7,0.19,19,5,4,10,18,28,-10,19,1.0,22.1,28.8,-6.7,-0.35,0.3157894736842105,0.2631578947368421,1.0526315789473684,0.9473684210526315,1.0,1.4736842105263157,1.3157894736842106,1.0,38,11,11,16,38,47,-9,44,0.2894736842105263,1.0,1.236842105263158,1.1578947368421053,0.05263157894736842,0.10526315789473684,-0.4736842105263157,0.3157894736842106,58.7,829,1737,481,151,31.4,380,27166,6850,958,27163
2022-2023,13,Wolves,19,9,3,7,19,20,-1,30,1.58,21.1,26.5,-5.4,-0.29,19,2,5,12,12,38,-26,11,0.58,15.7,33.3,-17.6,-0.93,0.47368421052631576,0.10526315789473684,1.0,0.631578947368421,1.0526315789473684,2.0,1.5789473684210527,0.5789473684210527,38,11,8,19,31,58,-27,41,0.2894736842105263,0.8157894736842105,1.5263157894736843,1.0789473684210527,0.3684210526315789,0.368421052631579,-0.9473684210526316,1.0,49.9,610,1343,409,119,29.1,385,22539,4960,686,22536
2022-2023,14,West Ham,19,8,4,7,26,24,2,28,1.47,27.3,24.5,2.8,0.15,19,3,3,13,16,31,-15,12,0.63,21.8,28.5,-6.7,-0.35,0.42105263157894735,0.15789473684210525,1.368421052631579,0.8421052631578947,1.263157894736842,1.631578947368421,1.4736842105263157,0.631578947368421,38,11,7,20,42,55,-13,40,0.2894736842105263,1.105263157894737,1.4473684210526316,1.0526315789473684,0.2631578947368421,0.5263157894736843,-0.368421052631579,0.8421052631578947,42.1,615,1274,466,133,28.5,250,20411,4993,756,20403
2022-2023,15,Bournemouth,19,6,4,9,20,28,-8,22,1.16,22.1,28.4,-6.3,-0.33,19,5,2,12,17,43,-26,17,0.89,16.3,35.3,-19.0,-1.0,0.3157894736842105,0.2631578947368421,1.0526315789473684,0.8947368421052632,1.4736842105263157,2.263157894736842,1.1578947368421053,0.8947368421052632,38,11,6,21,37,71,-34,39,0.2894736842105263,0.9736842105263158,1.868421052631579,1.0263157894736843,0.05263157894736842,0.1578947368421052,-0.7894736842105263,0.26315789473684215,40.4,504,1006,358,126,35.2,329,19950,4256,699,19950
2022-2023,16,Nott'ham Forest,19,8,6,5,27,24,3,30,1.58,23.3,30.5,-7.2,-0.38,19,1,5,13,11,44,-33,8,0.42,16.0,33.7,-17.7,-0.93,0.42105263157894735,0.05263157894736842,1.4210526315789473,0.5789473684210527,1.263157894736842,2.3157894736842106,1.5789473684210527,0.42105263157894735,38,9,11,18,38,68,-30,38,0.23684210526315788,1.0,1.7894736842105263,1.0,0.3684210526315789,0.8421052631578947,-1.0526315789473686,1.1578947368421053,37.6,436,859,362,111,30.7,258,17911,3755,611,17905
2022-2023,17,Everton,19,6,3,10,16,27,-11,21,1.11,23.4,26.7,-3.3,-0.17,19,2,9,8,18,30,-12,15,0.79,21.7,38.8,-17.1,-0.9,0.3157894736842105,0.10526315789473684,0.8421052631578947,0.9473684210526315,1.4210526315789473,1.5789473684210527,1.105263157894737,0.7894736842105263,38,8,12,18,34,57,-23,36,0.21052631578947367,0.8947368421052632,1.5,0.9473684210526315,0.21052631578947367,-0.10526315789473684,-0.1578947368421053,0.3157894736842106,42.8,500,1052,426,143,33.6,310,20233,4830,742,20229
2022-2023,18,Leicester City,19,5,4,10,23,27,-4,19,1.0,21.3,26.3,-5.0,-0.26,19,4,3,12,28,41,-13,15,0.79,29.2,36.9,-7.8,-0.41,0.2631578947368421,0.21052631578947367,1.2105263157894737,1.4736842105263157,1.4210526315789473,2.1578947368421053,1.0,0.7894736842105263,38,9,7,22,51,68,-17,34,0.23684210526315788,1.3421052631578947,1.7894736842105263,0.8947368421052632,0.05263157894736842,-0.26315789473684204,-0.736842105263158,0.21052631578947367,47.7,580,1304,412,142,34.5,294,23124,4641,688,23118
2022-2023,19,Leeds United,19,5,7,7,26,37,-11,22,1.16,25.2,32.7,-7.5,-0.4,19,2,3,14,22,41,-19,9,0.47,22.1,34.4,-12.2,-0.64,0.2631578947368421,0.10526315789473684,1.368421052631579,1.1578947368421053,1.9473684210526316,2.1578947368421053,1.1578947368421053,0.47368421052631576,38,7,10,21,48,78,-30,31,0.18421052631578946,1.263157894736842,2.0526315789473686,0.8157894736842105,0.15789473684210525,0.21052631578947367,-0.21052631578947367,0.6842105263157896,47.0,555,1429,459,141,30.7,269,21642,5587,796,21639
2022-2023,20,Southampton,19,2,5,12,19,37,-18,11,0.58,20.5,29.8,-9.3,-0.49,19,4,2,13,17,36,-19,14,0.74,17.3,31.0,-13.7,-0.72,0.10526315789473684,0.21052631578947367,1.0,0.8947368421052632,1.9473684210526316,1.894736842105263,0.5789473684210527,0.7368421052631579,38,6,7,25,36,73,-37,25,0.15789473684210525,0.9473684210526315,1.9210526315789473,0.6578947368421053,-0.10526315789473684,0.10526315789473684,0.052631578947368585,-0.1578947368421052,44.5,588,1125,413,132,32.0,362,21094,4879,712,21090
2023-2024,1,Manchester City,19,14,5,0,51,16,35,47,2.47,40.7,14.0,26.7,1.41,19,14,2,3,45,18,27,44,2.32,39.8,21.6,18.2,0.96,0.7368421052631579,0.7368421052631579,2.6842105263157894,2.3684210526315788,0.8421052631578947,0.9473684210526315,2.473684210526316,2.3157894736842106,38,28,7,3,96,34,62,91,0.7368421052631579,2.526315789473684,0.8947368421052632,2.3947368421052633,0.0,0.3157894736842106,-0.10526315789473684,0.1578947368421053,65.2,1127,2060,683,264,38.7,377,31414,10260,1466,31404
2023-2024,2,Arsenal,19,15,2,2,48,16,32,47,2.47,43.5,13.5,30.0,1.58,19,13,3,3,43,13,30,42,2.21,32.6,14.5,18.2,0.96,0.7894736842105263,0.6842105263157895,2.526315789473684,2.263157894736842,0.8421052631578947,0.6842105263157895,2.473684210526316,2.210526315789474,38,28,5,5,91,29,62,89,0.7368421052631579,2.3947368421052633,0.7631578947368421,2.3421052631578947,0.10526315789473684,0.26315789473684204,0.1578947368421052,0.26315789473684204,58.2,821,2106,647,209,32.3,283,26493,8560,1480,26483
2023-2024,3,Liverpool,19,15,3,1,49,17,32,48,2.53,54.7,17.6,37.1,1.95,19,9,7,3,37,24,13,34,1.79,33.0,28.1,4.9,0.26,0.7894736842105263,0.47368421052631576,2.5789473684210527,1.9473684210526316,0.8947368421052632,1.263157894736842,2.526315789473684,1.7894736842105263,38,24,10,4,86,41,45,82,0.631578947368421,2.263157894736842,1.0789473684210527,2.1578947368421053,0.31578947368421056,0.631578947368421,-0.36842105263157887,0.7368421052631577,61.3,924,2110,781,263,33.7,331,28764,7869,1422,28755
2023-2024,4,Aston Villa,19,12,4,3,48,28,20,40,2.11,39.0,26.3,12.7,0.67,19,8,4,7,28,33,-5,28,1.47,24.3,33.6,-9.3,-0.49,0.631578947368421,0.42105263157894735,2.526315789473684,1.4736842105263157,1.4736842105263157,1.736842105263158,2.1052631578947367,1.4736842105263157,38,20,8,10,76,61,15,68,0.5263157894736842,2.0,1.605263157894737,1.7894736842105263,0.21052631578947367,1.0526315789473684,-0.26315789473684226,0.631578947368421,53.1,775,1451,511,182,35.6,345,23059,5459,1010,23055
2023-2024,5,Tottenham,19,13,0,6,38,27,11,39,2.05,39.2,29.3,9.9,0.52,19,7,6,6,36,34,2,27,1.42,28.9,34.1,-5.2,-0.27,0.6842105263157895,0.3684210526315789,2.0,1.894736842105263,1.4210526315789473,1.7894736842105263,2.0526315789473686,1.4210526315789473,38,20,6,12,74,61,13,66,0.5263157894736842,1.9473684210526316,1.605263157894737,1.736842105263158,0.31578947368421056,0.10526315789473695,-0.368421052631579,0.6315789473684212,61.6,957,2107,582,207,35.6,359,28529,8010,1316,28527
2023-2024,6,Chelsea,19,11,4,4,44,26,18,37,1.95,44.2,24.9,19.2,1.01,19,7,5,7,33,37,-4,26,1.37,30.3,33.1,-2.8,-0.15,0.5789473684210527,0.3684210526315789,2.3157894736842106,1.736842105263158,1.368421052631579,1.9473684210526316,1.9473684210526316,1.368421052631579,38,18,9,11,77,63,14,63,0.47368421052631576,2.026315789473684,1.6578947368421053,1.6578947368421053,0.21052631578947373,0.5789473684210527,-0.5789473684210527,0.5789473684210527,58.6,873,1615,537,194,36.1,398,27725,6558,1039,27713
2023-2024,7,Newcastle Utd,19,12,4,3,49,22,27,40,2.11,46.4,25.0,21.4,1.12,19,6,2,11,36,40,-4,20,1.05,29.6,36.4,-6.7,-0.36,0.631578947368421,0.3157894736842105,2.5789473684210527,1.894736842105263,1.1578947368421053,2.1052631578947367,2.1052631578947367,1.0526315789473684,38,18,6,14,85,62,23,60,0.47368421052631576,2.236842105263158,1.631578947368421,1.5789473684210527,0.3157894736842105,0.6842105263157896,-0.9473684210526314,1.0526315789473684,52.2,737,1557,542,196,36.2,355,24004,6004,1094,23996
2023-2024,8,Manchester Utd,19,10,3,6,31,28,3,33,1.74,32.3,31.5,0.8,0.04,19,8,3,8,26,30,-4,27,1.42,24.1,37.4,-13.2,-0.7,0.5263157894736842,0.42105263157894735,1.631578947368421,1.368421052631579,1.4736842105263157,1.5789473684210527,1.736842105263158,1.4210526315789473,38,18,6,14,57,58,-1,60,0.47368421052631576,1.5,1.5263157894736843,1.5789473684210527,0.10526315789473684,0.26315789473684204,-0.10526315789473695,0.3157894736842106,50.6,758,1479,543,182,33.5,311,23998,6146,1025,23991
2023-2024,9,West Ham,19,7,8,4,31,28,3,29,1.53,26.3,29.7,-3.5,-0.18,19,7,2,10,29,46,-17,23,1.21,26.1,41.4,-15.3,-0.8,0.3684210526315789,0.3684210526315789,1.631578947368421,1.5263157894736843,1.4736842105263157,2.4210526315789473,1.5263157894736843,1.2105263157894737,38,14,10,14,60,74,-14,52,0.3684210526315789,1.5789473684210527,1.9473684210526316,1.368421052631579,0.0,0.10526315789473673,-0.9473684210526316,0.3157894736842106,41.1,556,1207,445,146,32.8,353,20875,4692,750,20869
2023-2024,10,Crystal Palace,19,8,4,7,37,26,11,28,1.47,27.3,20.9,6.5,0.34,19,5,6,8,20,32,-12,21,1.11,21.2,31.1,-9.9,-0.52,0.42105263157894735,0.2631578947368421,1.9473684210526316,1.0526315789473684,1.368421052631579,1.6842105263157894,1.4736842105263157,1.105263157894737,38,13,10,15,57,58,-1,49,0.34210526315789475,1.5,1.5263157894736843,1.2894736842105263,0.15789473684210525,0.8947368421052633,-0.3157894736842104,0.36842105263157876,42.3,506,1176,452,162,35.8,341,21367,5077,797,21363
2023-2024,11,Brighton,19,8,6,5,30,27,3,30,1.58,32.1,25.4,6.8,0.36,19,4,6,9,25,35,-10,18,0.95,24.7,30.1,-5.4,-0.28,0.42105263157894735,0.21052631578947367,1.5789473684210527,1.3157894736842106,1.4210526315789473,1.8421052631578947,1.5789473684210527,0.9473684210526315,38,12,12,14,55,62,-7,48,0.3157894736842105,1.4473684210526316,1.631578947368421,1.263157894736842,0.21052631578947367,0.26315789473684204,-0.42105263157894735,0.6315789473684211,59.8,864,1780,555,198,35.7,297,29112,6766,1081,29106
2023-2024,12,Bournemouth,19,7,6,6,27,28,-1,27,1.42,27.4,24.3,3.1,0.17,19,6,3,10,27,39,-12,21,1.11,28.5,33.8,-5.3,-0.28,0.3684210526315789,0.3157894736842105,1.4210526315789473,1.4210526315789473,1.4736842105263157,2.0526315789473686,1.4210526315789473,1.105263157894737,38,13,9,16,54,67,-13,48,0.34210526315789475,1.4210526315789473,1.763157894736842,1.263157894736842,0.05263157894736842,0.0,-0.5789473684210529,0.3157894736842104,44.4,709,1314,539,175,32.5,382,20700,5686,1033,20697
2023-2024,13,Fulham,19,9,2,8,31,24,7,29,1.53,27.9,27.8,0.1,0.0,19,4,6,9,24,37,-13,18,0.95,22.9,35.1,-12.2,-0.64,0.47368421052631576,0.21052631578947367,1.631578947368421,1.263157894736842,1.263157894736842,1.9473684210526316,1.5263157894736843,0.9473684210526315,38,13,8,17,55,61,-6,47,0.34210526315789475,1.4473684210526316,1.605263157894737,1.236842105263158,0.2631578947368421,0.368421052631579,-0.6842105263157896,0.5789473684210528,50.6,670,1467,499,175,35.1,271,24318,5568,849,24316
2023-2024,14,Wolves,19,8,3,8,26,30,-4,27,1.42,23.2,30.5,-7.2,-0.38,19,5,4,10,24,35,-11,19,1.0,23.5,37.2,-13.7,-0.72,0.42105263157894735,0.2631578947368421,1.368421052631579,1.263157894736842,1.5789473684210527,1.8421052631578947,1.4210526315789473,1.0,38,13,7,18,50,65,-15,46,0.34210526315789475,1.3157894736842106,1.7105263157894737,1.2105263157894737,0.15789473684210525,0.10526315789473695,-0.26315789473684204,0.42105263157894735,48.9,671,1180,425,153,36.0,415,23487,4804,739,23483
2023-2024,15,Everton,19,8,4,7,22,18,4,28,1.47,32.1,22.5,9.7,0.51,19,5,5,9,18,33,-15,20,1.05,21.9,32.7,-10.8,-0.57,0.42105263157894735,0.2631578947368421,1.1578947368421053,0.9473684210526315,0.9473684210526315,1.736842105263158,1.4736842105263157,1.0526315789473684,38,13,9,16,40,51,-11,48,0.34210526315789475,1.0526315789473684,1.3421052631578947,1.263157894736842,0.15789473684210525,0.21052631578947378,-0.7894736842105264,0.42105263157894735,40.8,495,1129,504,152,30.2,250,20053,5283,809,20050
2023-2024,16,Brentford,19,5,7,7,29,34,-5,22,1.16,30.8,29.7,1.1,0.06,19,5,2,12,27,31,-4,17,0.89,27.4,26.3,1.2,0.06,0.2631578947368421,0.2631578947368421,1.5263157894736843,1.4210526315789473,1.7894736842105263,1.631578947368421,1.1578947368421053,0.8947368421052632,38,10,9,19,56,65,-9,39,0.2631578947368421,1.4736842105263157,1.7105263157894737,1.0263157894736843,0.0,0.10526315789473695,0.1578947368421053,0.26315789473684215,45.2,505,1283,470,159,33.8,243,21227,5210,982,21224
2023-2024,17,Nott'ham Forest,19,5,5,9,27,30,-3,20,1.05,25.0,21.8,3.2,0.17,19,4,4,11,22,37,-15,16,0.84,24.9,31.5,-6.5,-0.34,0.2631578947368421,0.21052631578947367,1.4210526315789473,1.1578947368421053,1.5789473684210527,1.9473684210526316,1.0526315789473684,0.8421052631578947,38,9,9,20,49,67,-18,36,0.23684210526315788,1.2894736842105263,1.763157894736842,0.9473684210526315,0.05263157894736842,0.26315789473684204,-0.368421052631579,0.21052631578947367,40.6,601,1141,450,143,31.8,275,20126,4686,785,20125
2023-2024,18,Luton Town,19,4,4,11,28,37,-9,16,0.84,25.8,31.1,-5.3,-0.28,19,2,4,13,24,48,-24,10,0.53,16.6,46.9,-30.2,-1.59,0.21052631578947367,0.10526315789473684,1.4736842105263157,1.263157894736842,1.9473684210526316,2.526315789473684,0.8421052631578947,0.5263157894736842,38,6,8,24,52,85,-33,26,0.15789473684210525,1.368421052631579,2.236842105263158,0.6842105263157895,0.10526315789473684,0.21052631578947367,-0.5789473684210524,0.3157894736842105,42.4,675,1113,427,134,31.4,354,19655,4964,780,19650
2023-2024,19,Burnley,19,2,4,13,19,43,-24,10,0.53,22.6,29.1,-6.5,-0.34,19,3,5,11,22,35,-13,14,0.74,18.0,41.3,-23.2,-1.22,0.10526315789473684,0.15789473684210525,1.0,1.1578947368421053,2.263157894736842,1.8421052631578947,0.5263157894736842,0.7368421052631579,38,5,9,24,41,78,-37,24,0.13157894736842105,1.0789473684210527,2.0526315789473686,0.631578947368421,-0.05263157894736842,-0.1578947368421053,0.42105263157894735,-0.21052631578947367,47.4,727,1181,430,137,31.9,300,22181,5155,819,22178
2023-2024,20,Sheffield Utd,19,2,4,13,19,57,-38,10,0.53,24.3,37.8,-13.5,-0.71,19,1,3,15,16,47,-31,6,0.32,14.0,38.8,-24.8,-1.3,0.10526315789473684,0.05263157894736842,1.0,0.8421052631578947,3.0,2.473684210526316,0.5263157894736842,0.3157894736842105,38,3,7,28,35,104,-69,16,0.07894736842105263,0.9210526315789473,2.736842105263158,0.42105263157894735,0.05263157894736842,0.1578947368421053,0.5263157894736841,0.21052631578947367,35.8,346,884,360,117,32.5,251,17951,3830,646,17946
2024-2025,1,Liverpool,16,13,2,1,34,12,22,41,2.56,33.7,13.7,20.0,1.25,17,11,5,1,41,19,22,38,2.24,38.5,14.8,23.6,1.39,0.8125,0.6470588235294118,2.125,2.411764705882353,0.75,1.1176470588235294,2.5625,2.235294117647059,33,24,7,2,75,31,44,79,0.7272727272727273,2.272727272727273,0.9393939393939394,2.393939393939394,0.1654411764705882,-0.2867647058823528,-0.36764705882352944,0.3272058823529411,57.7,721,1673,557,194,34.8,270,22523,6429,1141,22514
2024-2025,2,Arsenal,16,10,5,1,31,13,18,35,2.19,26.6,10.0,16.6,1.03,17,8,7,2,30,14,16,31,1.82,25.2,17.2,8.1,0.47,0.625,0.47058823529411764,1.9375,1.7647058823529411,0.8125,0.8235294117647058,2.1875,1.8235294117647058,33,18,12,3,61,27,34,66,0.5454545454545454,1.8484848484848484,0.8181818181818182,2.0,0.15441176470588236,0.17279411764705888,-0.011029411764705843,0.36397058823529416,56.8,739,1609,469,153,32.6,280,20819,6818,1134,20817
2024-2025,3,Newcastle Utd,16,10,2,4,35,19,16,32,2.0,27.8,20.6,7.2,0.45,17,8,3,6,27,25,2,27,1.59,27.6,21.7,5.9,0.35,0.625,0.47058823529411764,2.1875,1.588235294117647,1.1875,1.4705882352941178,2.0,1.588235294117647,33,18,5,10,62,44,18,59,0.5454545454545454,1.878787878787879,1.3333333333333333,1.7878787878787878,0.15441176470588236,0.599264705882353,-0.28308823529411775,0.41176470588235303,50.3,641,1316,437,139,31.8,258,19861,5048,896,19857
2024-2025,4,Manchester City,16,10,3,3,37,21,16,33,2.06,33.9,19.3,14.6,0.91,17,7,4,6,27,21,6,25,1.47,26.0,23.8,2.2,0.13,0.625,0.4117647058823529,2.3125,1.588235294117647,1.3125,1.2352941176470589,2.0625,1.4705882352941178,33,17,7,9,64,42,22,58,0.5151515151515151,1.9393939393939394,1.2727272727272727,1.7575757575757576,0.21323529411764708,0.724264705882353,0.07720588235294112,0.5919117647058822,61.4,991,1675,523,187,35.8,338,24458,8417,1155,24455
2024-2025,5,Chelsea,16,9,5,2,30,17,13,32,2.0,32.4,17.2,15.2,0.95,17,7,4,6,28,23,5,25,1.47,28.9,25.6,3.3,0.19,0.5625,0.4117647058823529,1.875,1.6470588235294117,1.0625,1.3529411764705883,2.0,1.4705882352941178,33,16,9,8,58,40,18,57,0.48484848484848486,1.7575757575757576,1.2121212121212122,1.7272727272727273,0.15073529411764708,0.2279411764705883,-0.2904411764705883,0.5294117647058822,58.4,762,1430,537,183,34.1,276,22334,5804,1015,22330
2024-2025,6,Nott'ham Forest,16,9,4,3,24,11,13,31,1.94,19.5,16.4,3.1,0.19,16,8,2,6,27,27,0,26,1.63,19.5,23.5,-4.0,-0.25,0.5625,0.5,1.5,1.6875,0.6875,1.6875,1.9375,1.625,32,17,6,9,51,38,13,57,0.53125,1.59375,1.1875,1.78125,0.0625,-0.1875,-1.0,0.3125,40.1,537,925,395,139,35.2,235,15760,4274,664,15757
2024-2025,7,Aston Villa,17,9,7,1,31,20,11,34,2.0,31.2,17.1,14.0,0.83,16,7,2,7,22,27,-5,23,1.44,19.4,26.6,-7.1,-0.45,0.5294117647058824,0.4375,1.8235294117647058,1.375,1.1764705882352942,1.6875,2.0,1.4375,33,16,9,8,53,47,6,57,0.48484848484848486,1.606060606060606,1.4242424242424243,1.7272727272727273,0.09191176470588236,0.44852941176470584,-0.5110294117647058,0.5625,51.4,633,1174,432,143,33.1,287,19201,4762,844,19196
2024-2025,8,Bournemouth,16,7,3,6,20,14,6,24,1.5,28.5,18.7,9.7,0.61,17,6,7,4,32,26,6,25,1.47,30.6,23.3,7.3,0.43,0.4375,0.35294117647058826,1.25,1.8823529411764706,0.875,1.5294117647058822,1.5,1.4705882352941178,33,13,10,10,52,40,12,49,0.3939393939393939,1.5757575757575757,1.2121212121212122,1.4848484848484849,0.08455882352941174,-0.6323529411764706,-0.6544117647058822,0.02941176470588225,48.0,660,1318,519,176,33.9,261,18753,5345,897,18746
2024-2025,9,Fulham,17,7,5,5,26,25,1,26,1.53,20.0,18.8,1.2,0.07,16,6,4,6,22,20,2,22,1.38,22.8,20.2,2.6,0.16,0.4117647058823529,0.375,1.5294117647058822,1.375,1.4705882352941178,1.25,1.5294117647058822,1.375,33,13,9,11,48,45,3,48,0.3939393939393939,1.4545454545454546,1.3636363636363635,1.4545454545454546,0.03676470588235292,0.15441176470588225,0.22058823529411775,0.15441176470588225,51.9,680,1338,432,143,33.1,257,20804,5380,809,20800
2024-2025,10,Brighton,16,6,7,3,23,21,2,25,1.56,26.3,19.5,6.8,0.42,17,6,5,6,30,32,-2,23,1.35,24.4,26.9,-2.4,-0.14,0.375,0.35294117647058826,1.4375,1.7647058823529411,1.3125,1.8823529411764706,1.5625,1.3529411764705883,33,12,12,9,53,53,0,48,0.36363636363636365,1.606060606060606,1.606060606060606,1.4545454545454546,0.022058823529411742,-0.3272058823529411,-0.5698529411764706,0.2095588235294117,52.5,696,1332,452,152,33.6,298,20600,5248,916,20595
2024-2025,11,Brentford,17,8,4,5,34,29,5,28,1.65,29.8,25.6,4.2,0.24,16,5,3,8,22,21,1,18,1.13,19.9,24.4,-4.6,-0.29,0.47058823529411764,0.3125,2.0,1.375,1.7058823529411764,1.3125,1.6470588235294117,1.125,33,13,7,13,56,50,6,46,0.3939393939393939,1.696969696969697,1.5151515151515151,1.393939393939394,0.15808823529411764,0.625,0.3933823529411764,0.5220588235294117,47.7,516,1180,373,148,39.7,227,18788,4621,857,18783
2024-2025,12,Crystal Palace,17,5,6,6,19,23,-4,21,1.24,26.6,19.9,6.6,0.39,16,6,5,5,22,22,0,23,1.44,23.1,23.1,0.0,0.0,0.29411764705882354,0.375,1.1176470588235294,1.375,1.3529411764705883,1.375,1.2352941176470589,1.4375,33,11,11,11,41,45,-4,44,0.3333333333333333,1.2424242424242424,1.3636363636363635,1.3333333333333333,-0.08088235294117646,-0.25735294117647056,-0.022058823529411686,-0.20220588235294112,43.3,440,1013,433,145,33.5,178,17869,3898,670,17866
2024-2025,13,Everton,17,4,8,5,22,21,1,20,1.18,19.7,20.8,-1.1,-0.07,16,4,6,6,12,19,-7,18,1.13,16.2,20.6,-4.4,-0.28,0.23529411764705882,0.25,1.2941176470588236,0.75,1.2352941176470589,1.1875,1.1764705882352942,1.125,33,8,14,11,34,40,-6,38,0.24242424242424243,1.0303030303030303,1.2121212121212122,1.1515151515151516,-0.01470588235294118,0.5441176470588236,0.047794117647058876,0.05147058823529416,40.3,421,881,352,116,33.0,257,16674,4159,635,16672
2024-2025,14,Manchester Utd,17,6,3,8,21,26,-5,21,1.24,24.9,23.9,1.0,0.06,16,4,5,7,17,20,-3,17,1.06,18.5,23.8,-5.3,-0.33,0.35294117647058826,0.25,1.2352941176470589,1.0625,1.5294117647058822,1.25,1.2352941176470589,1.0625,33,10,8,15,38,46,-8,38,0.30303030303030304,1.1515151515151516,1.393939393939394,1.1515151515151516,0.10294117647058826,0.17279411764705888,0.27941176470588225,0.17279411764705888,53.0,586,1215,436,142,32.6,231,21423,4979,810,21420
2024-2025,15,Wolves,16,5,2,9,23,29,-6,17,1.06,19.4,24.9,-5.5,-0.34,17,6,3,8,25,32,-7,21,1.24,18.6,26.7,-8.1,-0.48,0.3125,0.35294117647058826,1.4375,1.4705882352941178,1.8125,1.8823529411764706,1.0625,1.2352941176470589,33,11,5,17,48,61,-13,38,0.3333333333333333,1.4545454545454546,1.8484848484848484,1.1515151515151516,-0.04044117647058826,-0.03308823529411775,-0.06985294117647056,-0.17279411764705888,47.3,516,1010,365,138,37.8,273,18966,3999,614,18965
2024-2025,16,Tottenham,16,6,3,7,33,27,6,21,1.31,28.6,28.0,0.5,0.03,16,5,1,10,27,22,5,16,1.0,23.6,24.8,-1.1,-0.07,0.375,0.3125,2.0625,1.6875,1.6875,1.375,1.3125,1.0,32,11,4,17,60,49,11,37,0.34375,1.875,1.53125,1.15625,0.0625,0.375,0.3125,0.3125,56.6,727,1437,442,164,37.1,272,21248,5583,903,21245
2024-2025,17,West Ham,17,5,4,8,21,31,-10,19,1.12,20.8,29.5,-8.6,-0.51,16,4,5,7,16,24,-8,17,1.06,20.2,23.4,-3.2,-0.2,0.29411764705882354,0.25,1.2352941176470589,1.0,1.8235294117647058,1.5,1.1176470588235294,1.0625,33,9,9,15,37,55,-18,36,0.2727272727272727,1.121212121212121,1.6666666666666667,1.0909090909090908,0.04411764705882354,0.23529411764705888,0.32352941176470584,0.05514705882352944,47.7,544,1056,415,116,28.0,296,19568,4203,732,19565
2024-2025,18,Ipswich Town,17,1,4,12,13,40,-27,7,0.41,15.2,30.6,-15.4,-0.91,16,3,5,8,20,31,-11,14,0.88,15.2,35.9,-20.7,-1.3,0.058823529411764705,0.1875,0.7647058823529411,1.25,2.3529411764705883,1.9375,0.4117647058823529,0.875,33,4,9,20,33,71,-38,21,0.12121212121212122,1.0,2.1515151515151514,0.6363636363636364,-0.12867647058823528,-0.4852941176470589,0.4154411764705883,-0.4632352941176471,40.5,436,804,313,105,33.5,239,16588,3464,514,16586
2024-2025,19,Leicester City,17,2,3,12,11,34,-23,9,0.53,14.7,30.4,-15.8,-0.93,16,2,3,11,16,39,-23,9,0.56,13.3,34.7,-21.4,-1.34,0.11764705882352941,0.125,0.6470588235294118,1.0,2.0,2.4375,0.5294117647058824,0.5625,33,4,6,23,27,73,-46,18,0.12121212121212122,0.8181818181818182,2.212121212121212,0.5454545454545454,-0.00735294117647059,-0.3529411764705882,-0.4375,-0.03308823529411764,45.5,519,954,289,91,31.5,231,19044,3622,560,19042
2024-2025,20,Southampton,16,1,2,13,11,43,-32,5,0.31,15.9,40.0,-24.0,-1.5,17,1,3,13,13,35,-22,6,0.35,13.7,34.4,-20.7,-1.22,0.0625,0.058823529411764705,0.6875,0.7647058823529411,2.6875,2.0588235294117645,0.3125,0.35294117647058826,33,2,5,26,24,78,-54,11,0.06060606060606061,0.7272727272727273,2.3636363636363638,0.3333333333333333,0.003676470588235295,-0.07720588235294112,0.6286764705882355,-0.04044117647058826,49.8,588,1023,311,97,31.2,271,20157,4342,620,20155
