Season,Squad,# Pl,90s,Gls,Sh,SoT,SoT%,Sh/90,SoT/90,G/Sh,G/SoT,Dist,FK,PK,PKatt,xG,npxG,npxG/Sh,G-xG,np:G-xG
2017-2018,Arsenal,30,38.0,73,589,223,37.9,15.5,5.87,0.12,0.31,17.9,30,4,5,68.3,64.3,0.11,4.7,4.7
2017-2018,Bournemouth,22,38.0,45,462,153,33.1,12.16,4.03,0.09,0.27,18.3,15,3,3,38.8,36.4,0.08,6.2,5.6
2017-2018,Brighton,24,38.0,33,377,110,29.2,9.92,2.89,0.07,0.25,18.3,4,5,7,37.0,31.8,0.09,-4.0,-3.8
2017-2018,Burnley,24,38.0,35,378,126,33.3,9.95,3.32,0.09,0.28,17.0,16,0,0,32.3,32.3,0.09,2.7,2.7
2017-2018,Chelsea,26,38.0,60,603,210,34.8,15.87,5.53,0.09,0.27,17.9,20,3,3,54.4,52.0,0.09,5.6,5.0
2017-2018,Crystal Palace,28,38.0,44,466,134,28.8,12.26,3.53,0.08,0.27,17.8,20,8,10,53.5,45.9,0.1,-9.5,-9.9
2017-2018,Everton,30,38.0,42,351,110,31.3,9.24,2.89,0.11,0.34,17.6,8,5,8,40.5,34.1,0.1,1.5,2.9
2017-2018,Huddersfield,25,38.0,25,360,106,29.4,9.47,2.79,0.06,0.22,18.8,14,2,2,31.3,29.8,0.08,-6.3,-6.8
2017-2018,Leicester City,27,38.0,53,417,137,32.9,10.97,3.61,0.12,0.35,17.6,11,5,6,50.0,45.3,0.11,3.0,2.7
2017-2018,Liverpool,27,38.0,82,635,226,35.6,16.71,5.95,0.13,0.35,17.7,22,2,3,72.9,70.6,0.11,9.1,9.4
2017-2018,Manchester City,25,38.0,103,656,254,38.7,17.26,6.68,0.15,0.38,17.8,30,6,8,78.6,72.7,0.11,24.4,24.3
2017-2018,Manchester Utd,27,38.0,67,509,170,33.4,13.39,4.47,0.13,0.39,18.4,21,1,3,55.7,53.3,0.11,11.3,12.7
2017-2018,Newcastle Utd,27,38.0,38,450,146,32.4,11.84,3.84,0.08,0.26,19.2,21,0,1,41.6,40.9,0.09,-3.6,-2.9
2017-2018,Southampton,26,38.0,36,447,136,30.4,11.76,3.58,0.07,0.24,18.1,11,3,3,39.9,37.6,0.09,-3.9,-4.6
2017-2018,Stoke City,30,38.0,34,380,122,32.1,10.0,3.21,0.09,0.28,18.1,11,0,3,36.5,34.1,0.09,-2.5,-0.1
2017-2018,Swansea City,26,38.0,27,338,95,28.1,8.89,2.5,0.08,0.27,18.2,15,1,1,31.6,30.8,0.1,-4.6,-4.8
2017-2018,Tottenham,25,38.0,70,620,209,33.7,16.32,5.5,0.11,0.33,18.4,28,2,3,64.7,62.3,0.1,5.3,5.7
2017-2018,Watford,29,38.0,42,434,126,29.0,11.42,3.32,0.09,0.31,17.9,10,3,6,45.0,40.2,0.09,-3.0,-1.2
2017-2018,West Brom,24,38.0,31,377,111,29.4,9.92,2.92,0.08,0.27,17.7,15,1,1,36.5,35.7,0.1,-5.5,-5.7
2017-2018,West Ham,27,38.0,48,368,127,34.5,9.68,3.34,0.13,0.36,18.2,17,2,4,36.7,33.6,0.09,11.3,12.4
2018-2019,Arsenal,28,38.0,69,462,159,34.4,12.16,4.18,0.14,0.41,16.7,11,4,5,60.1,56.0,0.12,8.9,9.0
2018-2019,Bournemouth,28,38.0,55,437,153,35.0,11.5,4.03,0.11,0.31,17.4,16,7,9,53.3,46.2,0.11,1.7,1.8
2018-2019,Brighton,21,38.0,35,364,99,27.2,9.58,2.61,0.08,0.3,17.9,12,5,6,35.3,30.7,0.09,-0.3,-0.7
2018-2019,Burnley,23,38.0,43,358,112,31.3,9.42,2.95,0.11,0.37,15.8,14,2,2,44.4,42.8,0.12,-1.4,-1.8
2018-2019,Cardiff City,25,38.0,33,413,113,27.4,10.87,2.97,0.07,0.27,17.7,13,3,4,42.4,39.2,0.1,-9.4,-9.2
2018-2019,Chelsea,24,38.0,61,602,192,31.9,15.84,5.05,0.09,0.29,17.8,30,5,5,58.6,54.6,0.09,2.4,1.4
2018-2019,Crystal Palace,26,38.0,48,482,135,28.0,12.68,3.55,0.08,0.28,18.4,16,10,11,47.6,39.2,0.08,0.4,-1.2
2018-2019,Everton,23,38.0,53,493,163,33.1,12.97,4.29,0.1,0.31,16.9,20,2,5,49.7,45.7,0.1,3.3,5.3
2018-2019,Fulham,28,38.0,33,451,140,31.0,11.87,3.68,0.07,0.22,19.0,10,2,3,41.3,39.0,0.09,-8.3,-8.0
2018-2019,Huddersfield,31,38.0,21,400,116,29.0,10.53,3.05,0.05,0.17,19.1,15,1,1,28.8,28.0,0.07,-7.8,-8.0
2018-2019,Leicester City,25,38.0,48,508,173,34.1,13.37,4.55,0.08,0.25,18.6,19,5,7,52.4,47.3,0.1,-4.4,-4.3
2018-2019,Liverpool,23,38.0,86,568,211,37.1,14.95,5.55,0.14,0.37,17.0,20,7,7,73.7,68.4,0.12,12.3,10.6
2018-2019,Manchester City,21,38.0,91,679,252,37.1,17.87,6.63,0.13,0.35,16.9,21,3,4,84.3,81.3,0.12,6.7,6.7
2018-2019,Manchester Utd,28,38.0,65,514,210,40.9,13.53,5.53,0.11,0.27,18.7,27,9,12,61.4,52.0,0.1,3.6,4.0
2018-2019,Newcastle Utd,24,38.0,41,443,136,30.7,11.66,3.58,0.09,0.29,18.8,16,1,3,39.1,36.7,0.09,1.9,3.3
2018-2019,Southampton,30,38.0,44,479,155,32.4,12.61,4.08,0.08,0.26,18.9,20,4,5,46.9,43.4,0.1,-2.9,-3.4
2018-2019,Tottenham,28,38.0,66,533,182,34.1,14.03,4.79,0.12,0.34,18.1,23,4,4,54.9,51.8,0.1,11.1,10.2
2018-2019,Watford,25,38.0,51,436,148,33.9,11.47,3.89,0.11,0.34,17.3,22,1,1,48.2,47.5,0.11,2.8,2.5
2018-2019,West Ham,26,38.0,51,436,149,34.2,11.47,3.92,0.11,0.31,17.2,17,5,5,47.6,43.8,0.1,3.4,2.2
2018-2019,Wolves,21,38.0,46,473,144,30.4,12.45,3.79,0.09,0.29,17.7,12,4,4,52.1,49.0,0.11,-6.1,-7.0
2019-2020,Arsenal,29,38.0,56,403,146,36.2,10.61,3.84,0.13,0.36,16.4,19,3,3,47.0,44.6,0.11,9.0,8.4
2019-2020,Aston Villa,28,38.0,40,453,147,32.5,11.92,3.87,0.09,0.27,17.5,21,1,3,44.3,41.8,0.09,-4.3,-2.8
2019-2020,Bournemouth,27,38.0,38,385,117,30.4,10.13,3.08,0.09,0.29,17.3,21,4,4,44.8,41.7,0.11,-6.8,-7.7
2019-2020,Brighton,25,38.0,35,460,139,30.2,12.11,3.66,0.07,0.24,17.6,11,1,2,45.4,43.8,0.1,-10.4,-9.8
2019-2020,Burnley,22,38.0,41,384,124,32.3,10.11,3.26,0.1,0.31,16.4,18,3,3,47.4,45.3,0.12,-6.4,-7.3
2019-2020,Chelsea,27,38.0,69,618,210,34.0,16.26,5.53,0.1,0.3,16.6,29,7,7,69.2,64.4,0.11,-0.2,-2.4
2019-2020,Crystal Palace,25,38.0,29,373,115,30.8,9.82,3.03,0.07,0.23,17.0,15,3,3,35.8,33.6,0.09,-6.8,-7.6
2019-2020,Everton,24,38.0,42,468,159,34.0,12.32,4.18,0.09,0.26,16.4,20,1,1,50.8,50.0,0.11,-8.8,-9.0
2019-2020,Leicester City,24,38.0,65,533,183,34.3,14.03,4.82,0.11,0.33,17.4,20,5,7,62.2,56.7,0.11,2.8,3.3
2019-2020,Liverpool,24,38.0,83,586,224,38.2,15.42,5.89,0.13,0.35,16.5,20,5,5,68.9,65.0,0.11,14.1,13.0
2019-2020,Manchester City,24,38.0,100,735,250,34.0,19.34,6.58,0.13,0.38,16.4,27,6,11,92.0,83.6,0.12,8.0,10.4
2019-2020,Manchester Utd,29,38.0,65,530,201,37.9,13.95,5.29,0.1,0.27,19.1,33,10,14,62.2,51.2,0.1,2.8,3.8
2019-2020,Newcastle Utd,28,38.0,38,398,132,33.2,10.47,3.47,0.1,0.29,19.1,14,0,1,35.5,34.8,0.09,2.5,3.2
2019-2020,Norwich City,30,38.0,25,407,126,31.0,10.71,3.32,0.06,0.18,18.0,16,2,2,37.0,35.4,0.09,-12.0,-12.4
2019-2020,Sheffield Utd,26,38.0,36,352,109,31.0,9.26,2.87,0.1,0.32,15.2,4,1,1,43.0,42.2,0.12,-7.0,-7.2
2019-2020,Southampton,25,38.0,51,494,171,34.6,13.0,4.5,0.1,0.29,17.8,27,2,5,56.1,52.1,0.11,-5.1,-3.1
2019-2020,Tottenham,29,38.0,56,440,154,35.0,11.58,4.05,0.12,0.34,18.4,21,3,4,47.9,44.7,0.1,8.1,8.3
2019-2020,Watford,26,38.0,35,416,112,26.9,10.95,2.95,0.07,0.25,17.3,18,7,8,48.9,42.6,0.1,-13.9,-14.6
2019-2020,West Ham,29,38.0,49,413,156,37.8,10.87,4.11,0.11,0.29,16.4,13,4,4,48.6,45.4,0.11,0.4,-0.4
2019-2020,Wolves,21,38.0,49,457,142,31.1,12.03,3.74,0.1,0.32,17.4,13,4,4,54.1,51.0,0.11,-5.1,-6.0
2020-2021,Arsenal,29,38.0,53,453,140,30.9,11.92,3.68,0.1,0.34,17.7,23,6,6,51.7,47.0,0.11,1.3,0.0
2020-2021,Aston Villa,24,38.0,52,514,178,34.6,13.53,4.68,0.09,0.26,17.3,16,5,6,52.5,47.9,0.1,-0.5,-0.9
2020-2021,Brighton,27,38.0,39,478,134,28.0,12.58,3.53,0.07,0.25,17.4,15,6,9,50.9,43.8,0.09,-11.9,-10.8
2020-2021,Burnley,25,38.0,32,381,124,32.5,10.03,3.26,0.08,0.23,17.4,15,3,3,39.3,36.9,0.1,-7.3,-7.9
2020-2021,Chelsea,27,38.0,56,546,193,35.3,14.37,5.08,0.09,0.25,17.1,16,8,10,62.4,54.5,0.1,-6.4,-6.5
2020-2021,Crystal Palace,24,38.0,39,345,127,36.8,9.08,3.34,0.1,0.28,17.6,18,3,4,34.1,31.0,0.09,4.9,5.0
2020-2021,Everton,29,38.0,45,395,143,36.2,10.39,3.76,0.1,0.29,17.2,15,4,5,45.7,41.9,0.11,-0.7,-0.9
2020-2021,Fulham,28,38.0,26,436,125,28.7,11.47,3.29,0.05,0.18,18.3,12,3,6,40.5,35.9,0.08,-14.5,-12.9
2020-2021,Leeds United,23,38.0,60,518,193,37.3,13.63,5.08,0.11,0.29,16.9,9,4,4,55.6,52.5,0.1,4.4,3.5
2020-2021,Leicester City,27,38.0,64,473,170,35.9,12.45,4.47,0.11,0.32,18.6,20,10,12,55.8,46.3,0.1,8.2,7.7
2020-2021,Liverpool,28,38.0,65,602,204,33.9,15.84,5.37,0.1,0.29,17.1,22,6,6,67.5,62.9,0.11,-2.5,-3.9
2020-2021,Manchester City,24,38.0,82,590,211,35.8,15.53,5.55,0.13,0.36,17.2,21,5,9,68.2,61.2,0.11,13.8,15.8
2020-2021,Manchester Utd,29,38.0,70,515,196,38.1,13.55,5.16,0.12,0.31,18.1,21,10,11,60.1,51.4,0.1,9.9,8.6
2020-2021,Newcastle Utd,27,38.0,44,390,130,33.3,10.26,3.42,0.1,0.29,18.3,25,6,7,43.4,37.8,0.1,0.6,0.2
2020-2021,Sheffield Utd,27,38.0,19,319,92,28.8,8.39,2.42,0.05,0.17,17.7,5,3,4,32.6,29.5,0.09,-13.6,-13.5
2020-2021,Southampton,29,38.0,47,418,157,37.6,11.0,4.13,0.1,0.27,18.6,20,5,6,41.2,36.6,0.09,5.8,5.4
2020-2021,Tottenham,24,38.0,66,438,167,38.1,11.53,4.39,0.14,0.37,18.0,35,5,5,53.1,49.2,0.12,12.9,11.8
2020-2021,West Brom,30,38.0,33,335,106,31.6,8.82,2.79,0.09,0.27,18.4,16,4,4,35.8,32.7,0.1,-2.8,-3.7
2020-2021,West Ham,24,38.0,60,464,158,34.1,12.21,4.16,0.13,0.37,16.1,17,2,4,55.4,52.1,0.12,4.6,5.9
2020-2021,Wolves,27,38.0,34,459,149,32.5,12.08,3.92,0.07,0.2,18.5,18,4,4,36.5,33.4,0.08,-2.5,-3.4
2021-2022,Arsenal,27,38.0,60,581,186,32.0,15.29,4.89,0.09,0.3,17.8,21,5,8,60.5,55.1,0.1,-0.5,-0.1
2021-2022,Aston Villa,31,38.0,50,461,159,34.5,12.13,4.18,0.1,0.3,17.6,20,3,3,44.0,42.0,0.09,6.0,5.0
2021-2022,Brentford,29,38.0,46,436,141,32.3,11.47,3.71,0.09,0.28,16.3,11,6,6,45.8,41.1,0.1,0.2,-1.1
2021-2022,Brighton,26,38.0,40,482,141,29.3,12.68,3.71,0.07,0.26,17.7,15,4,7,46.2,40.7,0.09,-6.2,-4.7
2021-2022,Burnley,23,38.0,32,405,119,29.4,10.66,3.13,0.08,0.26,17.2,14,1,2,39.7,38.1,0.1,-7.7,-7.1
2021-2022,Chelsea,26,38.0,75,583,200,34.3,15.34,5.26,0.11,0.34,17.4,26,8,9,63.4,56.6,0.1,11.6,10.4
2021-2022,Crystal Palace,24,38.0,50,404,140,34.7,10.63,3.68,0.11,0.31,16.1,13,6,8,46.4,40.1,0.1,3.6,3.9
2021-2022,Everton,33,38.0,42,430,130,30.2,11.32,3.42,0.08,0.28,17.7,18,6,7,41.2,35.8,0.08,0.8,0.2
2021-2022,Leeds United,29,38.0,42,480,142,29.6,12.63,3.74,0.08,0.26,18.3,13,5,5,44.4,40.4,0.09,-2.4,-3.4
2021-2022,Leicester City,28,38.0,62,433,164,37.9,11.39,4.32,0.14,0.37,17.8,14,2,2,47.8,46.2,0.11,14.2,13.8
2021-2022,Liverpool,27,38.0,94,721,237,32.9,18.97,6.24,0.12,0.37,16.7,13,7,8,88.7,82.7,0.12,5.3,4.3
2021-2022,Manchester City,26,38.0,96,704,237,33.7,18.53,6.24,0.13,0.38,16.3,17,7,9,88.7,81.4,0.12,7.3,7.6
2021-2022,Manchester Utd,29,38.0,56,503,179,35.6,13.24,4.71,0.11,0.3,17.7,19,3,5,55.8,51.9,0.11,0.2,1.1
2021-2022,Newcastle Utd,29,38.0,41,446,142,31.8,11.74,3.74,0.09,0.27,18.1,15,3,3,38.1,35.9,0.08,2.9,2.1
2021-2022,Norwich City,28,38.0,21,370,104,28.1,9.74,2.74,0.05,0.17,19.0,18,3,3,32.3,30.0,0.08,-11.3,-12.0
2021-2022,Southampton,25,38.0,41,478,161,33.7,12.58,4.24,0.08,0.23,17.7,24,4,4,44.8,41.6,0.09,-3.8,-4.6
2021-2022,Tottenham,25,38.0,63,486,185,38.1,12.79,4.87,0.12,0.31,16.7,16,5,5,61.2,57.3,0.12,1.8,0.7
2021-2022,Watford,30,38.0,33,397,123,31.0,10.45,3.24,0.08,0.26,18.1,24,1,2,40.0,38.4,0.1,-7.0,-6.4
2021-2022,West Ham,25,38.0,58,443,142,32.1,11.66,3.74,0.12,0.38,16.6,13,4,6,51.4,46.8,0.11,6.6,7.2
2021-2022,Wolves,26,38.0,35,401,133,33.2,10.55,3.5,0.08,0.26,18.6,13,1,1,37.5,36.8,0.09,-2.5,-2.8
2022-2023,Arsenal,26,38.0,84,589,194,32.9,15.5,5.11,0.14,0.42,16.0,16,3,4,71.6,68.9,0.12,12.4,12.1
2022-2023,Aston Villa,26,38.0,49,427,145,34.0,11.24,3.82,0.11,0.32,18.0,18,3,4,50.3,47.2,0.11,-1.3,-1.2
2022-2023,Bournemouth,31,38.0,37,358,126,35.2,9.42,3.32,0.1,0.29,15.5,14,0,0,38.5,38.5,0.11,-1.5,-1.5
2022-2023,Brentford,25,38.0,56,400,147,36.8,10.53,3.87,0.12,0.33,15.7,14,7,8,56.3,50.1,0.13,-0.3,-1.1
2022-2023,Brighton,29,38.0,68,607,219,36.1,15.97,5.76,0.1,0.28,16.8,12,6,6,73.3,68.9,0.12,-5.3,-6.9
2022-2023,Chelsea,32,38.0,37,481,151,31.4,12.66,3.97,0.07,0.23,16.8,10,3,3,49.5,47.2,0.1,-12.5,-13.2
2022-2023,Crystal Palace,26,38.0,38,423,133,31.4,11.13,3.5,0.09,0.28,17.6,23,1,3,39.3,36.8,0.09,-1.3,0.2
2022-2023,Everton,28,38.0,32,426,143,33.6,11.21,3.76,0.07,0.2,16.8,12,3,3,45.2,42.8,0.1,-13.2,-13.8
2022-2023,Fulham,29,38.0,52,420,137,32.6,11.05,3.61,0.11,0.34,17.3,17,5,9,46.2,39.1,0.1,5.8,7.9
2022-2023,Leeds United,29,38.0,45,459,141,30.7,12.08,3.71,0.1,0.31,16.6,19,1,3,47.3,44.9,0.1,-2.3,-0.9
2022-2023,Leicester City,28,38.0,49,412,142,34.5,10.84,3.74,0.11,0.32,17.7,14,3,6,50.5,45.7,0.11,-1.5,0.3
2022-2023,Liverpool,28,38.0,71,601,203,33.8,15.82,5.34,0.11,0.34,16.2,7,2,4,71.5,68.4,0.12,-0.5,0.6
2022-2023,Manchester City,24,38.0,92,590,205,34.7,15.53,5.39,0.14,0.4,16.6,20,9,10,78.6,71.1,0.12,13.4,11.9
2022-2023,Manchester Utd,26,38.0,56,590,206,34.9,15.53,5.42,0.09,0.26,17.8,20,3,3,67.7,65.3,0.11,-11.7,-12.3
2022-2023,Newcastle Utd,27,38.0,64,565,184,32.6,14.87,4.84,0.1,0.32,15.6,15,6,6,71.9,67.3,0.12,-7.9,-9.3
2022-2023,Nott'ham Forest,33,38.0,36,362,111,30.7,9.53,2.92,0.09,0.3,17.2,9,3,6,39.3,34.6,0.1,-3.3,-1.6
2022-2023,Southampton,36,38.0,36,413,132,32.0,10.87,3.47,0.08,0.26,18.1,17,2,4,37.8,34.6,0.09,-1.8,-0.6
2022-2023,Tottenham,29,38.0,68,512,186,36.3,13.47,4.89,0.12,0.34,16.7,14,5,6,57.0,52.3,0.1,11.0,10.7
2022-2023,West Ham,25,38.0,41,466,133,28.5,12.26,3.5,0.08,0.26,17.3,13,6,8,49.2,43.7,0.1,-8.2,-8.7
2022-2023,Wolves,32,38.0,28,409,119,29.1,10.76,3.13,0.06,0.21,18.0,18,3,3,36.8,34.5,0.09,-8.8,-9.5
2023-2024,Arsenal,25,38.0,86,647,209,32.3,17.03,5.5,0.12,0.36,15.8,6,10,10,76.1,68.5,0.11,9.9,7.5
2023-2024,Aston Villa,31,38.0,72,511,182,35.6,13.45,4.79,0.13,0.37,16.0,15,4,4,63.3,60.3,0.12,8.7,7.7
2023-2024,Bournemouth,30,38.0,52,539,175,32.5,14.18,4.61,0.09,0.29,16.7,18,2,3,55.9,53.6,0.1,-3.9,-3.6
2023-2024,Brentford,28,38.0,54,470,159,33.8,12.37,4.18,0.11,0.32,15.6,17,3,3,58.2,56.0,0.12,-4.2,-5.0
2023-2024,Brighton,30,38.0,50,555,198,35.7,14.61,5.21,0.08,0.23,16.7,11,5,6,56.8,52.2,0.1,-6.8,-7.2
2023-2024,Burnley,31,38.0,40,430,137,31.9,11.32,3.61,0.09,0.27,17.7,13,3,3,40.6,38.3,0.09,-0.6,-1.3
2023-2024,Chelsea,32,38.0,76,537,194,36.1,14.13,5.11,0.12,0.34,17.3,22,11,12,74.5,65.1,0.12,1.5,-0.1
2023-2024,Crystal Palace,26,38.0,56,452,162,35.8,11.89,4.26,0.12,0.32,17.2,20,4,4,48.6,45.4,0.1,7.4,6.6
2023-2024,Everton,26,38.0,40,504,152,30.2,13.26,4.0,0.08,0.25,16.7,14,2,3,54.0,51.6,0.11,-14.0,-13.6
2023-2024,Fulham,25,38.0,54,499,175,35.1,13.13,4.61,0.1,0.3,17.0,14,2,2,50.8,49.2,0.1,3.2,2.8
2023-2024,Liverpool,30,38.0,80,781,263,33.7,20.55,6.92,0.09,0.28,17.2,18,6,9,87.8,80.4,0.11,-7.8,-6.4
2023-2024,Luton Town,28,38.0,49,427,134,31.4,11.24,3.53,0.1,0.33,16.3,11,5,5,42.4,38.6,0.09,6.6,5.4
2023-2024,Manchester City,25,38.0,94,683,264,38.7,17.97,6.95,0.12,0.32,17.1,25,9,10,80.5,72.9,0.11,13.5,12.1
2023-2024,Manchester Utd,31,38.0,57,543,182,33.5,14.29,4.79,0.09,0.28,17.4,15,6,7,56.5,51.0,0.1,0.5,0.0
2023-2024,Newcastle Utd,32,38.0,83,542,196,36.2,14.26,5.16,0.14,0.38,15.7,9,8,9,76.0,69.0,0.13,7.0,6.0
2023-2024,Nott'ham Forest,33,38.0,49,450,143,31.8,11.84,3.76,0.11,0.34,17.2,7,1,1,49.9,49.1,0.11,-0.9,-1.1
2023-2024,Sheffield Utd,35,38.0,31,360,117,32.5,9.47,3.08,0.07,0.22,17.4,8,5,5,38.3,34.5,0.1,-7.3,-8.5
2023-2024,Tottenham,29,38.0,69,582,207,35.6,15.32,5.45,0.12,0.32,16.5,11,2,2,68.2,66.7,0.12,0.8,0.3
2023-2024,West Ham,26,38.0,58,445,146,32.8,11.71,3.84,0.12,0.37,16.2,17,4,5,52.3,48.4,0.11,5.7,5.6
2023-2024,Wolves,27,38.0,47,425,153,36.0,11.18,4.03,0.1,0.28,16.7,12,4,4,46.7,43.6,0.11,0.3,-0.6
2024-2025,Arsenal,25,33.0,59,469,153,32.6,14.21,4.64,0.12,0.37,15.0,9,2,2,51.8,50.3,0.11,7.2,6.7
2024-2025,Aston Villa,28,33.0,51,432,143,33.1,13.09,4.33,0.11,0.34,16.2,12,2,5,50.6,46.6,0.11,0.4,2.4
2024-2025,Bournemouth,29,33.0,51,519,176,33.9,15.73,5.33,0.09,0.26,16.7,8,6,7,59.0,53.5,0.11,-8.0,-8.5
2024-2025,Brentford,28,33.0,56,373,148,39.7,11.3,4.48,0.14,0.34,15.2,10,5,5,49.7,45.8,0.13,6.3,5.2
2024-2025,Brighton,31,33.0,51,452,152,33.6,13.7,4.61,0.1,0.3,17.1,24,5,5,50.7,46.9,0.11,0.3,-0.9
2024-2025,Chelsea,29,33.0,56,537,183,34.1,16.27,5.55,0.1,0.29,16.8,16,3,4,61.3,58.1,0.11,-5.3,-5.1
2024-2025,Crystal Palace,29,33.0,39,433,145,33.5,13.12,4.39,0.09,0.26,17.1,18,2,3,49.6,47.2,0.11,-10.6,-10.2
2024-2025,Everton,26,33.0,31,352,116,33.0,10.67,3.52,0.08,0.25,17.1,10,2,2,35.9,34.3,0.1,-4.9,-5.3
2024-2025,Fulham,26,33.0,47,432,143,33.1,13.09,4.33,0.1,0.31,16.5,8,3,4,42.8,39.6,0.09,4.2,4.4
2024-2025,Ipswich Town,32,33.0,32,313,105,33.5,9.48,3.18,0.1,0.29,17.6,10,2,2,30.3,28.8,0.09,1.7,1.2
2024-2025,Leicester City,30,33.0,27,289,91,31.5,8.76,2.76,0.09,0.27,17.4,6,2,2,28.0,26.5,0.09,-1.0,-1.5
2024-2025,Liverpool,24,33.0,75,557,194,34.8,16.88,5.88,0.12,0.34,15.9,8,9,9,72.2,65.2,0.12,2.8,0.8
2024-2025,Manchester City,29,33.0,63,523,187,35.8,15.85,5.67,0.12,0.33,16.9,17,2,3,59.8,57.4,0.11,3.2,3.6
2024-2025,Manchester Utd,31,33.0,36,436,142,32.6,13.21,4.3,0.08,0.23,17.2,14,3,3,43.4,41.0,0.1,-7.4,-8.0
2024-2025,Newcastle Utd,24,33.0,60,437,139,31.8,13.24,4.21,0.13,0.41,15.9,10,3,4,55.4,52.2,0.12,4.6,4.8
2024-2025,Nott'ham Forest,23,33.0,52,399,142,35.6,12.09,4.3,0.12,0.35,17.7,12,3,3,39.6,37.3,0.1,12.4,11.7
2024-2025,Southampton,35,33.0,23,311,97,31.2,9.42,2.94,0.07,0.24,16.4,6,0,2,29.6,27.9,0.09,-6.6,-4.9
2024-2025,Tottenham,31,33.0,58,464,169,36.4,14.06,5.12,0.12,0.33,15.9,10,2,3,54.3,52.0,0.12,3.7,4.0
2024-2025,West Ham,27,33.0,34,415,116,28.0,12.58,3.52,0.07,0.27,16.4,13,3,3,41.0,38.7,0.1,-7.0,-7.7
2024-2025,Wolves,30,33.0,47,365,138,37.8,11.06,4.18,0.13,0.34,18.1,17,0,0,38.0,38.0,0.11,9.0,9.0
