True_Result,PyTorch_Pred,PyTorch_Away_Win_Prob,PyTorch_Draw_Prob,PyTorch_Home_Win_Prob,XGBoost_Pred,XGBoost_Away_Win_Prob,XGBoost_Draw_Prob,XGBoost_Home_Win_Prob,RandomForest_Pred,RandomForest_Away_Win_Prob,RandomForest_Draw_Prob,RandomForest_Home_Win_Prob
A,A,0.916612,0.05862396,0.024763977,A,0.72685516,0.1464729,0.12667193,A,0.9335192379461773,0.03884289657995322,0.02763786547386962
D,H,0.37097412,0.17974494,0.44928095,H,0.35098618,0.29431376,0.35470012,H,0.3151108916277719,0.3148203112232231,0.3700687971490049
H,H,0.031075839,0.038704954,0.93021923,H,0.12814437,0.12976213,0.7420935,H,0.014953360613050963,0.027863665611007123,0.9571829737759414
A,H,0.22833213,0.35116112,0.42050672,H,0.24527024,0.3375058,0.41722405,D,0.2342130991118133,0.3830077500201884,0.382779150867998
H,H,0.07367315,0.20995341,0.7163734,H,0.17019148,0.23324706,0.5965615,H,0.13328032431803577,0.3235916625678242,0.54312801311414
A,A,0.6543516,0.2146505,0.13099797,A,0.555083,0.23799264,0.20692441,A,0.5805924624853799,0.2686125625957391,0.1507949749188808
H,H,0.1412779,0.23838936,0.6203328,H,0.32566896,0.27621517,0.39811584,H,0.32262785711264724,0.32910462048241274,0.3482675224049398
D,A,0.46142253,0.3291053,0.20947215,A,0.49452636,0.2323707,0.273103,A,0.4656144824261011,0.3114684959944508,0.22291702157944776
D,D,0.28074285,0.42127347,0.29798362,A,0.35481396,0.29753923,0.3476468,D,0.3499187608641781,0.4404000868215218,0.20968115231430037
H,H,0.1902223,0.13718803,0.67258966,H,0.2117727,0.2750222,0.5132051,H,0.2305453255945871,0.28162454632191797,0.48783012808349513
H,H,0.17377815,0.15600266,0.6702192,H,0.20687015,0.30194247,0.49118736,H,0.19983592715192652,0.29649729636520883,0.5036667764828648
A,H,0.29194695,0.31369013,0.39436287,H,0.28877053,0.307281,0.40394852,A,0.39721340896349866,0.2952508322627826,0.3075357587737185
A,H,0.2578944,0.081447735,0.6606579,H,0.2552045,0.2435753,0.50122017,H,0.31377238399027146,0.1503983206217246,0.535829295388004
H,H,0.034993693,0.0488428,0.91616356,H,0.13427962,0.16452639,0.701194,H,0.03504809866767564,0.0951880427220348,0.8697638586102898
H,H,0.22113216,0.059541084,0.71932673,H,0.22000933,0.24136662,0.5386241,H,0.2355290048362682,0.2041420165735621,0.5603289785901698
H,H,0.02291459,0.100354075,0.8767314,H,0.1387349,0.17269705,0.688568,H,0.07162862788543435,0.1437545620757766,0.7846168100387889
H,H,0.07580702,0.12229565,0.80189735,H,0.1589949,0.24181314,0.59919196,H,0.12287473337025313,0.23388453709347065,0.6432407295362765
H,D,0.3123262,0.38148674,0.30618712,A,0.37540224,0.2794684,0.34512937,D,0.3109201842106745,0.4473275463925486,0.24175226939677724
A,A,0.70032704,0.17594463,0.12372836,A,0.6135672,0.20847651,0.17795634,A,0.663949796111564,0.19337678323912366,0.14267342064931252
H,H,0.036731955,0.05573619,0.9075318,H,0.14082596,0.18297902,0.676195,H,0.08976840331572015,0.15419034593455214,0.7560412507497273
A,H,0.21723574,0.20116764,0.5815966,H,0.28233203,0.28909272,0.42857522,H,0.24588868368987155,0.3637566627427007,0.39035465356742804
D,H,0.030175949,0.09901028,0.8708137,H,0.124828756,0.13331449,0.74185675,H,0.03550949782172528,0.05807117365395216,0.9064193285243222
D,D,0.29205683,0.41495618,0.292987,A,0.3642481,0.32467794,0.311074,D,0.2610243260359767,0.4933627553301571,0.24561291863386633
A,H,0.29823178,0.24420208,0.4575661,H,0.2530494,0.30571994,0.44123068,H,0.2713397225698017,0.29501789130925604,0.4336423861209422
A,A,0.38930064,0.34341875,0.26728067,A,0.422915,0.28061023,0.29647475,A,0.4004911256983484,0.37012223356031465,0.22938664074133708
H,H,0.15479663,0.11204963,0.73315376,H,0.18227127,0.24526304,0.57246566,H,0.1290021813241099,0.23682498596752982,0.6341728327083607
A,A,0.93686527,0.043926343,0.019208329,A,0.724601,0.14606674,0.12933236,A,0.9070123191241126,0.04741662155853077,0.04557105931735679
A,A,0.7785752,0.14582562,0.0755992,A,0.6376001,0.20400858,0.15839131,A,0.7468649461149813,0.17209025192746064,0.08104480195755802
A,D,0.26657647,0.42331627,0.3101072,A,0.41421282,0.26507354,0.32071364,A,0.429398115216515,0.34644561607711294,0.22415626870637242
A,A,0.6464515,0.10933827,0.24421024,A,0.5364827,0.23508476,0.22843254,A,0.5806660143377551,0.22715822230095062,0.19217576336129444
A,A,0.76764035,0.1526325,0.07972716,A,0.67335755,0.16425021,0.16239227,A,0.7347178014657721,0.16676275432644672,0.09851944420778114
H,H,0.21112724,0.29354167,0.49533108,H,0.31760043,0.28279307,0.39960656,D,0.2773835616778686,0.3948091093503788,0.32780732897175285
A,H,0.067039564,0.10510428,0.8278562,H,0.14139596,0.20081323,0.65779084,H,0.08843089883558067,0.18884089977427915,0.7227282013901398
H,H,0.02057679,0.18194325,0.79747987,H,0.12399346,0.13911396,0.7368926,H,0.028557944062451313,0.06907641629170495,0.9023656396458435
D,H,0.33953634,0.31878695,0.34167668,A,0.3943611,0.29161537,0.3140235,D,0.3340099139106569,0.39434576863203286,0.2716443174573101
D,A,0.63535213,0.16829304,0.1963549,A,0.49854323,0.24794468,0.25351208,A,0.5280498508324617,0.26540104643767676,0.20654910272986154
H,H,0.23765981,0.20821778,0.55412245,H,0.2442838,0.2933928,0.46232343,H,0.24070051648572593,0.34480829362757065,0.4144911898867032
H,H,0.055145375,0.14646439,0.7983902,H,0.18291801,0.22107135,0.5960107,H,0.15162951232931754,0.21121635503367078,0.6371541326370118
H,H,0.088385984,0.07180402,0.83980995,H,0.14828338,0.16128494,0.6904317,H,0.0644596726919447,0.07741870972663384,0.8581216175814211
H,H,0.06867403,0.06509461,0.8662314,H,0.1649094,0.22301263,0.612078,H,0.13760985869543238,0.1899000374559362,0.6724901038486315
H,H,0.12463799,0.07012475,0.8052373,H,0.17150716,0.2313694,0.5971234,H,0.159125688689589,0.1841136465548286,0.656760664755583
H,H,0.07533171,0.19434758,0.7303207,H,0.1760472,0.2615207,0.56243205,H,0.13407147274135658,0.29436631129503316,0.5715622159636105
A,H,0.18134312,0.28904605,0.5296109,H,0.21698305,0.31953102,0.4634859,H,0.2750657170608542,0.33553724941201346,0.3893970335271323
H,H,0.021473888,0.010776613,0.9677494,H,0.14127375,0.14207648,0.7166498,H,0.049290528989165215,0.17351583673990897,0.7771936342709259
A,A,0.64261127,0.22090256,0.13648622,A,0.6208372,0.19791168,0.18125115,A,0.6737498037999466,0.21702857909462206,0.10922161710543105
A,A,0.67617214,0.20251516,0.12131263,A,0.6214452,0.20870921,0.16984564,A,0.731230245559007,0.2001469816766488,0.06862277276434427
D,A,0.38654232,0.33337522,0.28008243,A,0.3907231,0.3117135,0.29756337,D,0.2732593383392033,0.5347670712263521,0.1919735904344449
A,A,0.72661763,0.16516507,0.10821728,A,0.6492551,0.18946868,0.16127622,A,0.7373434526207912,0.18129522009680213,0.08136132728240668
D,H,0.28097054,0.32266065,0.39636883,H,0.2838719,0.3177829,0.3983452,D,0.2316421765869111,0.44359535143421297,0.32476247197887614
D,A,0.5005778,0.24368697,0.2557352,A,0.41082385,0.27362671,0.31554943,A,0.47384946563850455,0.28615197740510284,0.23999855695639308
H,H,0.019969119,0.08321444,0.8968164,H,0.12784716,0.13178042,0.7403724,H,0.02366811531871022,0.05852331996409457,0.9178085647171947
D,H,0.17768668,0.33762765,0.48468566,H,0.22687882,0.32576326,0.44735792,D,0.215440469333881,0.42713026784603164,0.3574292628200873
A,D,0.2755938,0.37798828,0.34641787,A,0.35011375,0.32506713,0.32481915,D,0.27540913116677374,0.45793093962749387,0.2666599292057325
A,A,0.7613532,0.13874726,0.09989948,A,0.61582005,0.19947957,0.18470044,A,0.7108460326065099,0.16636315053487144,0.12279081685861863
H,H,0.20437065,0.3197661,0.47586322,H,0.26763254,0.2900543,0.4423131,D,0.19298862323710675,0.4227816707074925,0.3842297060554011
H,H,0.031014495,0.027556531,0.941429,H,0.13601765,0.15764812,0.70633423,H,0.059566917728863994,0.09962443353389848,0.8408086487372372
A,A,0.8029517,0.08443219,0.1126161,A,0.6423687,0.17443573,0.1831956,A,0.7647074160855891,0.1272514253587974,0.10804115855561397
A,H,0.17194572,0.27863562,0.5494187,H,0.2963809,0.2923366,0.41128248,D,0.2794470699464288,0.3892219276845457,0.33133100236902563
D,H,0.0719984,0.21711385,0.7108878,H,0.17054714,0.22750841,0.60194445,H,0.1676771826905144,0.2325037483630929,0.5998190689463929
A,H,0.16446674,0.14136834,0.69416493,H,0.19840257,0.26671022,0.5348872,H,0.1725800830965291,0.2882769095421553,0.5391430073613157
H,H,0.05830495,0.09322589,0.8484692,H,0.1494695,0.20206596,0.64846456,H,0.08529089314410147,0.1540430502173834,0.7606660566385149
A,A,0.67115724,0.209711,0.11913174,A,0.5939368,0.242475,0.1635882,A,0.7182994560900479,0.18781118038631794,0.0938893635236346
H,A,0.42931667,0.3235699,0.24711344,H,0.35073498,0.2830536,0.3662114,D,0.35016390360494626,0.41660313090301515,0.23323296549203906
H,A,0.8161906,0.11316902,0.07064035,A,0.6988642,0.15636355,0.14477219,A,0.890802363539353,0.06688085517765295,0.04231678128299377
A,H,0.20068555,0.262703,0.53661144,H,0.23408204,0.3185298,0.44738814,H,0.26709209316520977,0.33793130763954404,0.3949765991952463
H,H,0.069332644,0.23336934,0.697298,H,0.16320774,0.28942138,0.5473709,H,0.16125493925068063,0.3035803850484024,0.5351646757009171
H,H,0.06061029,0.16336633,0.7760234,H,0.17462535,0.2342877,0.591087,H,0.12101959842143616,0.2922233655499136,0.5867570360286504
D,A,0.41370428,0.20924342,0.37705225,H,0.33886886,0.31778196,0.34334916,A,0.3489925048775433,0.3292758600611558,0.3217316350613011
A,A,0.49370468,0.2438552,0.2624402,A,0.37434196,0.27283722,0.35282087,A,0.4579229444621036,0.3035918856985828,0.23848516983931367
A,H,0.3433478,0.30164993,0.3550023,H,0.33035207,0.29966047,0.36998743,A,0.3666348900754214,0.28230561919117114,0.3510594907334075
D,H,0.20158543,0.17569566,0.62271893,H,0.230615,0.27365297,0.49573204,H,0.1969709974730254,0.2601617023372377,0.5428673001897368
A,A,0.68221086,0.19565852,0.12213061,A,0.6394369,0.17083837,0.18972477,A,0.679129928973278,0.19766777383551987,0.12320229719120228
A,A,0.7417683,0.16747518,0.090756506,A,0.6494424,0.18721473,0.16334292,A,0.7508303831961598,0.1626472239842297,0.08652239281961072
H,H,0.19382691,0.078806885,0.7273662,H,0.22485796,0.24393733,0.5312047,H,0.24266185390397282,0.18365544203670855,0.5736827040593185
H,H,0.39490524,0.16039476,0.44469997,H,0.331673,0.28932726,0.3789997,H,0.35009961614740787,0.2405195864748531,0.40938079737773914
H,H,0.06702555,0.04274307,0.89023143,H,0.16800368,0.21459743,0.6173989,H,0.11714355579236235,0.20130778234828253,0.6815486618593555
D,A,0.40998235,0.38723722,0.20278046,A,0.5073892,0.28475988,0.20785095,A,0.4627078649751571,0.37623843470350576,0.1610537003213371
H,H,0.3127803,0.23775236,0.44946736,A,0.34140447,0.33721435,0.3213812,D,0.3163078010341723,0.34638459109823694,0.3373076078675909
D,H,0.2493397,0.2841773,0.46648306,H,0.3301059,0.2962256,0.37366852,D,0.31111899227509765,0.38960015940195464,0.2992808483229479
D,A,0.5864247,0.21041974,0.20315556,A,0.51182973,0.25527278,0.23289745,A,0.5655837588795118,0.2482017466868424,0.1862144944336457
H,H,0.028203215,0.07981602,0.89198077,H,0.13434422,0.16193017,0.70372564,H,0.04967926944514592,0.12738452687092267,0.8229362036839318
H,H,0.21216801,0.38936248,0.39846948,H,0.25057548,0.3131415,0.43628296,D,0.18558536015667618,0.5362694839478692,0.2781451558954547
D,H,0.25569862,0.22225839,0.522043,H,0.23058677,0.3346224,0.4347908,H,0.20275129137024678,0.3954612518660705,0.40178745676368294
A,H,0.24998449,0.34327543,0.40674007,H,0.25680983,0.3102312,0.4329589,D,0.19776500508586456,0.48116508239602207,0.32106991251811334
H,H,0.075983636,0.24204774,0.6819686,H,0.20992962,0.26903823,0.52103215,H,0.15168929119562413,0.2570657759372938,0.5912449328670822
H,H,0.028481642,0.24224165,0.7292768,H,0.12500177,0.12998818,0.7450101,H,0.028626663084342852,0.07480163438908433,0.8965717025265724
D,A,0.5239519,0.28437036,0.19167773,A,0.4040356,0.30879205,0.28717235,A,0.4002836855842352,0.38159511516735356,0.21812119924841147
A,A,0.81087327,0.101367086,0.08775963,A,0.64514446,0.16334717,0.19150835,A,0.6898366875569865,0.19960894007355365,0.11055437236945999
H,H,0.09094408,0.040889148,0.8681668,H,0.18279268,0.21405183,0.6031555,H,0.1562158314438997,0.19950260829487887,0.6442815602612219
H,H,0.07345903,0.09263664,0.8339043,H,0.17025906,0.23900636,0.59073454,H,0.13162549714256114,0.19391528574581846,0.6744592171116207
A,A,0.41069287,0.29038367,0.29892346,A,0.39395845,0.2621869,0.3438546,A,0.4174138638460442,0.29933017784424054,0.28325595830971523
A,H,0.082906276,0.0792084,0.8378853,H,0.16430415,0.22331703,0.61237884,H,0.1512324877645727,0.20251891678855402,0.6462485954468734
H,H,0.009114225,0.010752078,0.9801338,H,0.13650195,0.14736897,0.71612906,H,0.018221466927772698,0.11407204377734781,0.8677064892948798
H,H,0.20220622,0.31713882,0.48065498,H,0.22830449,0.26165828,0.51003724,H,0.18447627748196824,0.4006459805048348,0.41487774201319705
D,A,0.45091712,0.11326867,0.43581423,A,0.4499722,0.26502234,0.28500542,A,0.5125362196920161,0.23792398139922902,0.2495397989087548
A,H,0.18823034,0.38180164,0.42996806,H,0.21904385,0.30671135,0.4742448,D,0.198025910744898,0.47492669468181015,0.3270473945732921
D,D,0.11866899,0.4462099,0.43512112,H,0.21396136,0.3134947,0.47254387,D,0.14146100369001244,0.5466422566739176,0.31189673963606973
H,H,0.020100117,0.046290364,0.9336095,H,0.1347096,0.15541123,0.70987916,H,0.036258884588179253,0.1161148039109569,0.8476263115008641
H,H,0.029405186,0.03919614,0.9313987,H,0.13435131,0.17641005,0.6892386,H,0.054298953985601306,0.15667320321263262,0.7890278428017661
A,A,0.7376167,0.15343003,0.1089533,A,0.6045266,0.209194,0.1862794,A,0.6931428012773739,0.19507526109227072,0.11178193763035525
H,A,0.68536204,0.15834309,0.15629482,A,0.54631084,0.22101302,0.23267615,A,0.5609243008261253,0.24882981070672067,0.19024588846715393
H,A,0.49176627,0.30474162,0.20349206,A,0.45418775,0.27653632,0.2692759,A,0.43439328763129603,0.36281854061075663,0.20278817175794747
H,H,0.033381686,0.09060787,0.8760105,H,0.13271686,0.12703593,0.7402472,H,0.018226739675539186,0.043590825979638065,0.9381824343448225
D,H,0.2585061,0.34456852,0.39692536,H,0.28439373,0.31221533,0.40339097,H,0.297274324670036,0.3444822148761786,0.35824346045378525
H,A,0.41811016,0.21990716,0.36198258,A,0.40909842,0.2901409,0.30076066,A,0.3495099980737203,0.3234285334925684,0.32706146843371137
A,A,0.53815085,0.13069867,0.33115047,A,0.37167493,0.25926352,0.36906162,A,0.4781198331935107,0.21394827258459462,0.3079318942218949
A,A,0.58128613,0.2806099,0.13810393,A,0.47108984,0.276805,0.25210512,A,0.5276790806572996,0.3148631836637712,0.15745773567892934
H,A,0.5812396,0.23587757,0.18288285,A,0.5183194,0.25631338,0.22536717,A,0.5313527738768827,0.2942301161045441,0.17441711001857335
D,A,0.74827725,0.17140067,0.080322005,A,0.69672644,0.15421556,0.14905801,A,0.8167749792103052,0.12600066244755373,0.05722435834214095
A,H,0.2047261,0.14492103,0.6503529,H,0.22507504,0.26631212,0.5086128,H,0.24746131646902966,0.24462465976646475,0.507914023764506
H,A,0.55688643,0.2384552,0.20465839,A,0.49011722,0.2324645,0.27741832,A,0.5028932186345859,0.29451211264005234,0.20259466872536172
H,H,0.09569047,0.06220498,0.8421046,H,0.15542096,0.20005299,0.644526,H,0.1050860153778038,0.1691335779244149,0.7257804066977817
A,H,0.2606983,0.22949326,0.5098085,H,0.25105754,0.298425,0.45051745,H,0.2540212172523336,0.3257910459513631,0.42018773679630317
H,H,0.03667238,0.044565525,0.918762,H,0.14063828,0.1321633,0.7271985,H,0.021462959318639726,0.0642016938345733,0.9143353468467867
H,H,0.3130069,0.25961155,0.42738158,H,0.30793437,0.3264005,0.3656652,D,0.3058798640445967,0.40047194118146917,0.29364819477393406
D,A,0.58630174,0.24120137,0.17249693,A,0.47005928,0.25542066,0.27452004,A,0.49063153691137806,0.2858113015331301,0.223557161555492
H,H,0.16204953,0.32993016,0.5080203,H,0.20932567,0.3004296,0.49024478,D,0.17405168415660124,0.45048686149846096,0.37546145434493766
H,H,0.052443746,0.17472732,0.77282894,H,0.15010466,0.28458926,0.56530607,H,0.12327638577067108,0.2821773261543546,0.5945462880749742
D,H,0.044490457,0.13142908,0.8240804,H,0.15994132,0.2075492,0.6325095,H,0.12118274087026357,0.2674394639126679,0.6113777952170686
H,H,0.025090238,0.035081733,0.93982804,H,0.13903399,0.15554851,0.70541745,H,0.0566810368446533,0.12219154195440383,0.8211274212009428
A,D,0.32392672,0.35760084,0.31847245,A,0.38664594,0.28780386,0.32555017,A,0.4618242589999015,0.3045933815058595,0.23358235949423872
D,D,0.08083733,0.4729156,0.4462471,H,0.24372354,0.32995135,0.4263251,D,0.21829026551981084,0.4047501766065734,0.37695955787361585
A,A,0.7423001,0.106526874,0.15117303,A,0.58429635,0.19367118,0.22203244,A,0.6620467168822585,0.17995289188865599,0.15800039122908538
H,H,0.121951394,0.2991144,0.5789342,H,0.25819734,0.29490647,0.4468962,H,0.26884772560561415,0.2942546366263053,0.43689763776808066
H,A,0.461612,0.33194467,0.20644335,A,0.42511567,0.30621222,0.26867205,D,0.39771161068689354,0.4283222014683006,0.17396618784480622
A,A,0.7627384,0.09671013,0.14055145,A,0.5358282,0.22907974,0.23509204,A,0.6217090810384143,0.21961966544880418,0.15867125351278163
A,A,0.72809935,0.18329675,0.08860389,A,0.6499664,0.1873836,0.16264999,A,0.7219163579873886,0.17519508457723312,0.10288855743537846
A,A,0.5040127,0.19543706,0.3005502,A,0.3918048,0.278954,0.3292412,A,0.4172029487417752,0.25063716740275904,0.33215988385546574
A,H,0.24927486,0.1081656,0.6425596,H,0.26825184,0.2746744,0.4570738,H,0.2891035303190782,0.2861366962454827,0.424759773435439
H,H,0.2583219,0.13863163,0.6030465,H,0.2690048,0.26362994,0.46736524,H,0.29531678793978466,0.21579559148489352,0.48888762057532165
H,H,0.040358417,0.053093586,0.906548,H,0.12406372,0.13241015,0.7435261,H,0.011809065282195098,0.04493930893993528,0.943251625777869
H,H,0.1890384,0.31229645,0.4986651,H,0.22326572,0.32687962,0.44985464,D,0.16509791421015965,0.49378677260037984,0.3411153131894606
H,H,0.3597809,0.19090518,0.44931385,H,0.2742486,0.2934269,0.43232453,H,0.20493353010273568,0.3042509746077817,0.4908154952894828
A,H,0.33302608,0.3150267,0.3519472,A,0.3543432,0.31529048,0.3303663,D,0.302080868235438,0.4711955908117274,0.2267235409528351
H,H,0.14324723,0.14958364,0.70716906,H,0.2534201,0.2999039,0.44667593,H,0.23767933886920078,0.25878239703141953,0.50353826409938
H,H,0.082655,0.30086955,0.6164754,H,0.17235033,0.27894378,0.5487059,H,0.16438469641989126,0.3525570805810054,0.4830582229991034
D,A,0.42829973,0.31475267,0.25694767,A,0.41099644,0.31152883,0.27747476,D,0.38020556184482773,0.4422841525252402,0.17751028562993224
D,D,0.19719571,0.4243604,0.37844387,H,0.2458781,0.33826125,0.41586062,D,0.18851951117379426,0.5098417853173847,0.30163870350882105
H,H,0.020126278,0.10224107,0.8776327,H,0.12850523,0.15649879,0.714996,H,0.0332646150030956,0.0921708055275396,0.8745645794693648
D,H,0.048310366,0.3290571,0.62263256,H,0.16020626,0.21642199,0.6233717,H,0.11077543256742876,0.2507080008196818,0.6385165666128896
A,A,0.85710156,0.09865658,0.044241827,A,0.7098456,0.15090038,0.13925402,A,0.9190057054567802,0.06190247770040862,0.019091816842811544
H,H,0.23882806,0.1896622,0.5715097,H,0.24196748,0.26883778,0.48919475,H,0.24421096167800183,0.2209855728739668,0.5348034654480311
A,A,0.85397285,0.10158253,0.044444624,A,0.71000063,0.15109044,0.13890891,A,0.8314200997927012,0.09376737225571553,0.07481252795158327
H,H,0.17794466,0.24119227,0.58086306,H,0.23535772,0.24672021,0.5179221,H,0.22172139667322166,0.24877160475743293,0.5295069985693457
A,H,0.33827788,0.13325606,0.5284661,H,0.27295786,0.2885318,0.43851033,H,0.2937637060844322,0.23646664483808277,0.469769649077485
H,H,0.19585319,0.120294586,0.6838522,H,0.20766827,0.25931817,0.5330136,H,0.17633821997232751,0.23537914895793366,0.5882826310697391
H,A,0.5594993,0.22767296,0.21282773,A,0.47951388,0.2421409,0.27834526,A,0.49642120045899074,0.2891858383888614,0.21439296115214831
H,H,0.36260295,0.25360584,0.38379124,H,0.26674816,0.33159924,0.4016526,A,0.3782158785234329,0.25755502061832924,0.364229100858238
H,H,0.37832543,0.15376468,0.4679099,H,0.3372515,0.2964544,0.3662941,A,0.4092143640958256,0.21745986272701817,0.3733257731771562
A,H,0.12218746,0.01936066,0.8584519,H,0.20295206,0.2082135,0.5888344,H,0.15911790793577965,0.1702738810821816,0.6706082109820389
A,H,0.26289153,0.09408574,0.6430228,H,0.23891157,0.26365128,0.4974371,H,0.27544522870608007,0.22954471888978834,0.49501005240413193
H,A,0.5105174,0.25975022,0.22973245,A,0.4189626,0.29512596,0.28591147,A,0.4485028728208536,0.3525129224667253,0.1989842047124214
D,H,0.25959492,0.15804484,0.5823602,H,0.23225072,0.29265833,0.47509092,H,0.26495702286605666,0.27348357882711477,0.4615593983068284
H,A,0.7137807,0.110288784,0.17593043,A,0.5215378,0.22973402,0.24872819,A,0.5692240662440495,0.2430306770590705,0.18774525669688008
D,H,0.12426589,0.3418664,0.5338678,H,0.1923771,0.2546025,0.5530204,H,0.14342672612706625,0.3535364843842281,0.5030367894887058
A,A,0.5416666,0.26453626,0.19379705,A,0.5582588,0.22502854,0.21671273,A,0.5932482152404138,0.24044630190804295,0.166305482851543
A,A,0.8812149,0.080714524,0.038070615,A,0.7139904,0.14913742,0.13687223,A,0.9368055720495103,0.03903729836561896,0.024157129584871005
H,H,0.35823494,0.05749239,0.5842726,H,0.3384818,0.24496779,0.4165504,H,0.366709194140183,0.18831203211853517,0.4449787737412818
H,A,0.45847797,0.26486546,0.27665663,A,0.42764303,0.28049573,0.29186127,A,0.45617905602807496,0.31137018211573525,0.23245076185618974
H,H,0.10784002,0.03717668,0.8549833,H,0.21280286,0.2561926,0.53100455,H,0.24603572152462394,0.21575647676552123,0.5382078017098549
A,A,0.55640095,0.257135,0.186464,A,0.5086293,0.24369319,0.24767749,A,0.4854429669500431,0.30592551289720815,0.20863152015274877
A,A,0.5853379,0.22553615,0.18912593,A,0.47050852,0.2560276,0.27346385,A,0.519931502703074,0.2992831637207324,0.18078533357619367
D,H,0.032437533,0.20998439,0.75757813,H,0.12597859,0.13631853,0.7377029,H,0.027328290110399927,0.08272368263067824,0.8899480272589213
H,H,0.020925637,0.031004619,0.9480697,H,0.14837536,0.15718675,0.69443786,H,0.0838814591792698,0.11555792197196717,0.8005606188487627
H,H,0.0501791,0.19589795,0.75392294,H,0.16556484,0.26283133,0.57160383,H,0.11830488900008782,0.24904829401630862,0.6326468169836036
H,H,0.1797971,0.36830083,0.4519021,H,0.22307502,0.29149124,0.4854337,D,0.17070256774911674,0.4647698456725354,0.36452758657834794
H,H,0.04300274,0.14029466,0.8167026,H,0.12871139,0.13571328,0.7355753,H,0.05286350633799166,0.10483467292469335,0.8423018207373147
A,A,0.49383372,0.30375144,0.20241484,A,0.46495873,0.29014495,0.24489632,A,0.43718057238383684,0.36966009632889785,0.19315933128726517
D,H,0.055759806,0.090358995,0.8538812,H,0.16367398,0.18822691,0.64809906,H,0.10216286206737718,0.13804305151519494,0.7597940864174275
D,H,0.2079621,0.35711756,0.43492034,H,0.24520984,0.33068606,0.42410412,D,0.2447437843046627,0.39731615659068586,0.3579400591046516
D,H,0.016492093,0.022172725,0.9613352,H,0.13819697,0.15359406,0.7082089,H,0.05588955714097807,0.10698057632115324,0.8371298665378686
H,H,0.105597906,0.06233563,0.8320665,H,0.17211163,0.20693937,0.620949,H,0.13141586870373495,0.21859978896638255,0.6499843423298826
H,A,0.6539525,0.14548366,0.20056383,A,0.6049052,0.19544017,0.19965465,A,0.7150022654770442,0.17538887890459953,0.10960885561835633
D,H,0.25314426,0.3470765,0.39977917,H,0.33872396,0.31219038,0.34908572,D,0.2908828681994285,0.3868302985617646,0.32228683323880697
A,H,0.18730897,0.14632015,0.66637087,H,0.20071095,0.25083843,0.54845065,H,0.20156435317948954,0.20529967857755035,0.5931359682429601
H,A,0.33873963,0.32574272,0.33551767,A,0.36426193,0.30340108,0.332337,D,0.32164773288573434,0.3727322275701457,0.30562003954412004
A,A,0.45877492,0.21617782,0.32504722,A,0.40804818,0.26951218,0.3224396,A,0.4084113165350039,0.30383741984900803,0.2877512636159881
H,A,0.54132116,0.23527108,0.22340775,A,0.43430978,0.2830642,0.28262603,A,0.49125992392680423,0.3228041970684201,0.18593587900477548
A,H,0.053157557,0.08631682,0.86052567,H,0.14834054,0.21935852,0.632301,H,0.09943714657158047,0.18732638800173287,0.7132364654266868
H,D,0.20767483,0.41194993,0.3803753,H,0.25338832,0.3465312,0.4000805,D,0.1799871472052043,0.5090744515265175,0.31093840126827826
A,A,0.5462424,0.16023107,0.29352653,A,0.36611268,0.29765844,0.33622885,A,0.4124043704589255,0.25578201751004515,0.3318136120310294
A,A,0.8186145,0.12748359,0.053901877,A,0.69122297,0.16040693,0.14837009,A,0.8147673149540562,0.11872149239598856,0.06651119264995536
H,A,0.4257141,0.2061045,0.36818135,A,0.35620078,0.30079275,0.34300646,A,0.4321752167457615,0.2696339455528702,0.29819083770136834
A,D,0.28115156,0.39130306,0.3275453,A,0.35278526,0.3216972,0.3255175,D,0.3386780866154461,0.38878676700757203,0.2725351463769819
H,H,0.094700895,0.265899,0.63940006,H,0.17656206,0.25893098,0.56450695,H,0.1385260400107248,0.2770848888140721,0.5843890711752032
A,A,0.7767883,0.13070273,0.09250902,A,0.6569628,0.18602967,0.15700752,A,0.7118272462677734,0.1965204575255726,0.0916522962066537
A,H,0.053177755,0.020310368,0.9265119,H,0.13945009,0.15463062,0.70591927,H,0.04957783950295176,0.06819719959859567,0.8822249608984523
H,D,0.277414,0.42561388,0.29697207,H,0.34324688,0.28559873,0.37115437,D,0.26100352932313536,0.4884702301598277,0.2505262405170371
A,A,0.6573185,0.20629771,0.13638376,A,0.6403023,0.18799882,0.17169893,A,0.7154516050270787,0.1764788124280222,0.10806958254489935
H,H,0.25796935,0.11856779,0.62346286,H,0.26207584,0.26094565,0.47697854,H,0.2727988338353965,0.1960580730134298,0.5311430931511739
H,H,0.31811103,0.21017061,0.47171834,H,0.3024232,0.32262966,0.3749472,H,0.34737943971173096,0.3035115893231522,0.34910897096511695
H,H,0.0057592695,0.02085155,0.9733892,H,0.13291027,0.14349136,0.72359836,H,0.025828909501814427,0.13668720019771075,0.8374838903004748
H,H,0.05989352,0.08709101,0.8530155,H,0.15029979,0.19449332,0.6552069,H,0.0879821341381369,0.18764600699729136,0.7243718588645717
H,A,0.5453591,0.2255638,0.22907712,A,0.46840003,0.27579764,0.25580233,A,0.46609465689315077,0.29456771125253167,0.23933763185431756
H,A,0.75477624,0.15394843,0.0912753,A,0.6238842,0.20806111,0.1680547,A,0.7776931970202031,0.12793848883586423,0.0943683141439335
H,H,0.12518519,0.035764646,0.8390502,H,0.1834912,0.20555933,0.6109495,H,0.1425141675792616,0.13146537021115146,0.7260204622095872
H,H,0.024498349,0.05689715,0.9186045,H,0.15166713,0.19529183,0.65304106,H,0.11193242250385044,0.17053120917553122,0.7175363683206186
D,D,0.17046031,0.42116553,0.4083742,H,0.24378827,0.30569443,0.45051736,D,0.21650585287474666,0.49501349892844215,0.28848064819681113
D,A,0.4842849,0.2236963,0.29201883,H,0.32173136,0.3159622,0.36230642,H,0.3119841605222026,0.30198383622286246,0.38603200325493475
A,A,0.54333824,0.2695186,0.18714318,A,0.48131874,0.25413537,0.26454586,A,0.5253359941476086,0.28034258079274355,0.19432142505964817
H,H,0.062381204,0.22568218,0.7119366,H,0.16840689,0.28362203,0.54797107,H,0.13548153032887925,0.33043104790234,0.5340874217687808
D,A,0.49553204,0.23828387,0.26618415,A,0.4262835,0.28766444,0.28605208,A,0.4613504655441228,0.29103858438095953,0.24761095007491746
D,A,0.37859705,0.29109383,0.33030912,H,0.34922364,0.2817229,0.36905342,A,0.4095743593502816,0.2461815287278246,0.3442441119218939
H,H,0.048667684,0.11832692,0.8330054,H,0.12589763,0.13687353,0.7372289,H,0.03478530767207059,0.05778840898633366,0.9074262833415951
H,D,0.25053412,0.37529835,0.37416753,H,0.25561625,0.34157354,0.40281022,D,0.2123430862920674,0.512107613165831,0.2755493005421018
D,A,0.7914476,0.07135729,0.13719516,A,0.6098799,0.2058899,0.18423021,A,0.6757800194864718,0.17964844168618527,0.14457153882734308
A,A,0.4995353,0.3141223,0.18634242,A,0.5930216,0.22413182,0.18284659,A,0.5583129330399879,0.2955812595696654,0.14610580739034668
D,H,0.14394727,0.37753707,0.4785156,H,0.24845818,0.27407843,0.4774634,D,0.18734614248003786,0.4736553181253992,0.3389985393945629
A,H,0.07160415,0.07571185,0.852684,H,0.19535494,0.2593308,0.54531425,H,0.2296899037647722,0.18728114618129404,0.5830289500539342
H,H,0.06969047,0.067296624,0.8630129,H,0.17023231,0.20694523,0.62282246,H,0.10147296650158037,0.21195844798295013,0.6865685855154698
D,H,0.25290036,0.17450316,0.5725965,H,0.27637723,0.29064855,0.4329742,H,0.27226495444641413,0.2884164240021036,0.43931862155148244
H,A,0.4313194,0.31330204,0.25537857,A,0.5251356,0.21918547,0.25567892,A,0.5283369441947662,0.26095779540764563,0.21070526039758827
A,A,0.78277665,0.14194968,0.07527371,A,0.6848668,0.17654148,0.13859172,A,0.820070995384719,0.13357397839075513,0.04635502622452641
H,H,0.022817342,0.09068334,0.88649935,H,0.13742998,0.131462,0.731108,H,0.02543025292555081,0.05655618856463999,0.9180135585098088
H,H,0.08647234,0.027537387,0.88599026,H,0.16017929,0.18363082,0.65618986,H,0.1425085052747256,0.1385202694710071,0.7189712252542675
H,H,0.051480796,0.18718491,0.7613343,H,0.16965552,0.2079625,0.622382,H,0.1382180811716132,0.19197169010248236,0.6698102287259047
D,H,0.23844716,0.31122717,0.45032573,H,0.23466946,0.2883085,0.47702208,D,0.26353148190534914,0.43425216203493766,0.30221635605971336
A,A,0.58206844,0.14507559,0.27285597,A,0.41483983,0.2712445,0.31391567,A,0.5232114379945607,0.20459962836161616,0.2721889336438231
D,H,0.029195236,0.042594943,0.92820984,H,0.13654405,0.1969006,0.66655535,H,0.05963585521925037,0.10584096158616849,0.8345231831945812
H,D,0.16608992,0.454892,0.3790181,H,0.26785928,0.31522843,0.41691235,D,0.16548271098946163,0.5106942348510397,0.32382305415949864
A,A,0.82549113,0.107454956,0.06705389,A,0.6738144,0.16316979,0.16301583,A,0.801220749124013,0.13912679447059742,0.059652456405390276
D,A,0.4726925,0.27437794,0.25292957,A,0.44596273,0.2574341,0.2966032,A,0.5074019283699165,0.25930456293337817,0.23329350869670512
D,A,0.5666906,0.2666423,0.16666709,A,0.46944034,0.270349,0.26021066,A,0.5480307460296995,0.28487338106795684,0.16709587290234398
A,H,0.08185526,0.14010479,0.77804,H,0.17008388,0.22676945,0.6031467,H,0.1496856847764251,0.23355388837214025,0.6167604268514346
D,H,0.23240548,0.29627985,0.47131464,H,0.23310225,0.2872043,0.4796934,D,0.17464132814249056,0.4180124531843805,0.40734621867312903
H,H,0.2631797,0.056690313,0.68013,H,0.25700727,0.26789156,0.4751012,H,0.2635263922429929,0.21566878620432026,0.5208048215526871
H,H,0.114964835,0.40026945,0.48476577,H,0.25404486,0.31746238,0.42849275,H,0.23228086683144356,0.2816377732564675,0.48608135991208884
A,A,0.7721052,0.15158612,0.076308735,A,0.65607476,0.18582214,0.1581031,A,0.8115257279742106,0.11023288904562939,0.07824138298016023
A,A,0.5132936,0.19412027,0.2925861,A,0.4749805,0.2393371,0.28568235,A,0.5189075776701598,0.2764191609988041,0.2046732613310362
A,H,0.206715,0.13826495,0.65502006,H,0.22842745,0.30556974,0.46600282,H,0.21408634657250297,0.2957110451968132,0.49020260823068407
H,H,0.09856,0.13208875,0.7693513,H,0.16936938,0.25040844,0.58022213,H,0.18035874905582447,0.24086465719005312,0.5787765937541224
H,H,0.023553874,0.053396057,0.92305005,H,0.14204377,0.13174322,0.726213,H,0.044638229427651846,0.0828883272078897,0.8724734433644581
A,H,0.33871442,0.10362366,0.5576619,H,0.27899733,0.27650672,0.44449598,H,0.37555517523912074,0.1899685794691426,0.43447624529173695
H,H,0.030517254,0.13917087,0.8303119,H,0.13177143,0.14053898,0.72768956,H,0.043927375561315686,0.07803038265559438,0.8780422417830895
H,H,0.34485638,0.094708964,0.56043464,H,0.29204202,0.2654999,0.4424581,H,0.33816386548713934,0.20140979228546196,0.4604263422273987
A,A,0.60993356,0.25077614,0.13929036,A,0.5934959,0.22474729,0.18175681,A,0.6331272662736985,0.24725391110086398,0.11961882262543748
A,H,0.1398259,0.124362506,0.7358116,H,0.20868301,0.27345622,0.5178608,H,0.23309097803839798,0.24772950581041048,0.5191795161511916
A,A,0.41449475,0.2702698,0.31523544,A,0.377196,0.2785925,0.34421146,A,0.37594818829350074,0.33124361853512985,0.29280819317136964
A,H,0.100093946,0.048606597,0.85129946,H,0.17203152,0.20963353,0.61833495,H,0.13561747945246586,0.16313149229216217,0.7012510282553722
A,A,0.5651676,0.2911693,0.14366303,A,0.61071634,0.19965473,0.18962896,A,0.6473960660346338,0.2255368548006732,0.12706707916469268
H,A,0.51769406,0.1455328,0.33677313,A,0.44180045,0.27041107,0.28778854,A,0.4270707212222869,0.2835443839413328,0.2893848948363802
A,A,0.90024334,0.07105036,0.028706333,A,0.7168118,0.15535066,0.12783755,A,0.9344069985177431,0.048215466622521894,0.01737753485973526
A,A,0.54023826,0.19748795,0.26227376,A,0.39933518,0.2729303,0.3277345,A,0.5119884893378712,0.23967397390608255,0.24833753675604617
D,H,0.09269466,0.08895556,0.8183498,H,0.21006955,0.22836119,0.5615693,H,0.19318744813121885,0.1614537108899871,0.6453588409787939
D,H,0.046806436,0.28518182,0.6680118,H,0.13986197,0.17495072,0.6851873,H,0.07246909519445184,0.1478930870160907,0.7796378177894576
A,A,0.6780838,0.16738474,0.15453155,A,0.591185,0.19862872,0.21018632,A,0.6488771896207234,0.18557240618362794,0.16555040419564818
A,A,0.6205192,0.21293582,0.16654493,A,0.56715125,0.21111771,0.22173104,A,0.640664614106138,0.21009124327911807,0.14924414261474367
D,H,0.27296785,0.35727313,0.36975896,H,0.30730966,0.3231554,0.36953494,D,0.25961675460893247,0.38111928194099626,0.35926396345007156
H,H,0.02427554,0.063786365,0.91193813,H,0.13155536,0.12771569,0.740729,H,0.014873661223177648,0.0450638173437674,0.9400625214330546
H,H,0.010351584,0.023386896,0.9662615,H,0.12592769,0.13125966,0.7428127,H,0.031513752469247404,0.05999485598696985,0.9084913915437822
A,A,0.72265714,0.17422035,0.10312249,A,0.6578968,0.19318646,0.14891669,A,0.7669612744141894,0.16654456354155944,0.06649416204425121
D,H,0.17670433,0.3636302,0.45966548,H,0.25295448,0.30268398,0.44436157,D,0.18406348881592016,0.46606669979569726,0.3498698113883826
H,H,0.035687912,0.046593897,0.91771823,H,0.13463266,0.1629466,0.7024207,H,0.08493374214498133,0.12126848135893376,0.7937977764960849
A,H,0.14609271,0.23663509,0.6172722,H,0.20909405,0.31201944,0.47888651,H,0.24262863549546013,0.3313203446975534,0.42605101980698656
H,H,0.054486968,0.07531098,0.87020206,H,0.13890791,0.19508198,0.66601014,H,0.06395012946916351,0.16247779273304933,0.7735720777977874
H,H,0.1846348,0.20847616,0.60688907,H,0.20074373,0.23426344,0.56499285,H,0.1368078791539043,0.24389517561942753,0.619296945226668
H,H,0.10641902,0.0620352,0.83154577,H,0.16315922,0.22515269,0.6116881,H,0.11904274403777002,0.2129084315343561,0.6680488244278743
H,H,0.21946973,0.2410969,0.53943336,H,0.24203727,0.28039163,0.47757116,H,0.23040619062836207,0.3435305956518529,0.426063213719785
D,A,0.44700697,0.32516602,0.22782698,A,0.45096722,0.28328428,0.2657485,A,0.4190536745417319,0.3886180238835617,0.19232830157470646
H,H,0.065874256,0.11635881,0.8177669,H,0.1694555,0.23546341,0.5950811,H,0.1558702689338333,0.20641059706456488,0.637719134001602
H,H,0.22234327,0.29944792,0.4782088,H,0.2437644,0.31124452,0.44499114,H,0.2877265998032565,0.2832559843272236,0.42901741586951986
A,H,0.41130763,0.10103946,0.48765296,H,0.3483328,0.29547596,0.35619128,H,0.3698859895784787,0.23850023683764415,0.39161377358387695
H,H,0.11532887,0.11482718,0.769844,H,0.18526301,0.24524045,0.5694966,H,0.18044073655749293,0.23174157274014615,0.5878176907023608
A,A,0.6456403,0.22964826,0.1247114,A,0.63846976,0.1923438,0.16918641,A,0.6157984376612877,0.27153818427722703,0.11266337806148512
A,A,0.7015924,0.1811204,0.11728725,A,0.624982,0.20352723,0.17149082,A,0.6708335818473019,0.2241566237086006,0.10500979444409769
H,H,0.056293033,0.15857008,0.7851369,H,0.14391364,0.1572673,0.69881904,H,0.05412128575372613,0.07228332720597444,0.8735953870402995
A,A,0.6963667,0.14800833,0.15562487,A,0.5496831,0.21359618,0.23672073,A,0.6431017863043067,0.20410243430174865,0.15279577939394476
A,A,0.9232418,0.05450048,0.022257809,A,0.72043484,0.14797483,0.1315903,A,0.9043047659997098,0.04942813581205375,0.04626709818823697
H,H,0.20909941,0.16197795,0.62892264,H,0.212305,0.2901812,0.49751386,H,0.2650598041962866,0.32801091233656615,0.4069292834671475
H,H,0.25806916,0.3074283,0.4345025,H,0.25497147,0.34974694,0.39528155,H,0.31548074562736617,0.3234156543846442,0.3611035999879894
D,H,0.0894416,0.1432955,0.7672629,H,0.18611878,0.22357677,0.59030443,H,0.13651914472488713,0.2454130529357223,0.6180678023393906
D,H,0.12735704,0.11035057,0.7622923,H,0.18647937,0.25006995,0.5634507,H,0.1400473430930942,0.25030763659674216,0.6096450203101639
H,H,0.039269004,0.027916476,0.93281454,H,0.13155536,0.12771569,0.740729,H,0.01043745893303948,0.04158418944871898,0.9479783516182411
A,H,0.13586345,0.319563,0.54457355,H,0.21875387,0.27958524,0.5016609,H,0.25966500092934347,0.3019109839909346,0.4384240150797222
H,H,0.1295059,0.30470055,0.5657936,H,0.20475076,0.26012656,0.53512263,H,0.14999188740937663,0.3554146832265986,0.4945934293640255
D,H,0.13867359,0.3428475,0.518479,H,0.19244237,0.26967132,0.5378863,D,0.14962664321607386,0.4280552161039989,0.42231814067992746
D,H,0.30168372,0.31212756,0.38618866,A,0.35551706,0.31161797,0.332865,D,0.33946168214697964,0.34541350162960766,0.3151248162234126
H,H,0.088660456,0.114587314,0.7967522,H,0.20724411,0.27252892,0.52022696,H,0.23405847411142644,0.24101702643644596,0.524924499452128
H,H,0.14832744,0.21793248,0.63374007,H,0.2014509,0.25719768,0.5413514,H,0.17753240333030543,0.34407804824029403,0.4783895484294004
H,A,0.6635443,0.15295084,0.18350483,A,0.46387756,0.25129464,0.28482783,A,0.5158523877935441,0.2617944756780234,0.22235313652843253
D,A,0.40381002,0.2492182,0.34697175,A,0.3696936,0.2914504,0.338856,A,0.4010259816869604,0.3292926681375911,0.2696813501754484
H,A,0.50554276,0.25976646,0.23469074,A,0.41229072,0.24410994,0.34359932,A,0.49834900802566084,0.24744530719703475,0.2542056847773043
D,D,0.35491365,0.36544564,0.27964073,A,0.36668828,0.30102566,0.33228606,D,0.33787474021742075,0.4096001825924169,0.2525250771901624
D,A,0.456786,0.29621825,0.24699578,A,0.424851,0.29827067,0.27687836,A,0.3782942781479191,0.370009515346349,0.2516962065057315
H,H,0.06691673,0.10009615,0.8329871,H,0.15299293,0.22274855,0.6242585,H,0.13130342847690282,0.21482571792771923,0.6538708535953779
H,H,0.04035327,0.018698106,0.94094867,H,0.13886203,0.16860813,0.69252986,H,0.05750877169297262,0.10519751513641525,0.8372937131706122
H,H,0.26650843,0.34889814,0.38459343,H,0.27104092,0.3273852,0.40157393,D,0.20849099974775828,0.480853664231459,0.31065533602078294
D,A,0.63543826,0.20429718,0.1602645,A,0.5491882,0.22414255,0.22666927,A,0.6115896693908995,0.22868338538347405,0.15972694522562628
D,H,0.0758688,0.1194765,0.8046547,H,0.15221275,0.19762976,0.6501575,H,0.09201321503762658,0.2072062682009558,0.7007805167614175
D,D,0.35363224,0.36784232,0.27852547,A,0.38168544,0.3213715,0.2969431,D,0.31024656181195964,0.5109458617674365,0.17880757642060452
H,H,0.088672735,0.048931815,0.8623954,H,0.2229955,0.23411377,0.5428907,H,0.17864076119285843,0.1657774852299215,0.6555817535772204
H,H,0.028191542,0.15215687,0.8196516,H,0.12638113,0.16258416,0.71103466,H,0.05916036859378078,0.1285135515763702,0.8123260798298491
D,H,0.16449054,0.4111888,0.4243207,H,0.2736516,0.34118792,0.38516045,D,0.24414175749842354,0.4523997453882966,0.30345849711328005
D,D,0.31755647,0.39125723,0.29118636,A,0.41102654,0.24351536,0.34545815,A,0.41871319115070726,0.32180040358293044,0.2594864052663626
H,D,0.26736444,0.3967796,0.33585593,H,0.28241566,0.34949446,0.36808988,D,0.1993934293426278,0.495745175402549,0.3048613952548234
D,A,0.62157476,0.21942917,0.15899597,A,0.51179504,0.23107944,0.2571255,A,0.5715551982324253,0.24897360890279463,0.17947119286478
D,H,0.071406126,0.14527068,0.78332317,H,0.17875716,0.2525877,0.56865513,H,0.141515081902905,0.24489812799125998,0.6135867901058351
H,D,0.3159535,0.3705821,0.31346437,A,0.34838298,0.3306921,0.3209249,D,0.2962290232385725,0.4736579367096509,0.23011304005177682
D,D,0.2504502,0.41597354,0.33357632,A,0.35091308,0.32824674,0.32084012,D,0.288922112151461,0.42897435596137745,0.2821035318871614
H,H,0.016986227,0.018958421,0.96405536,H,0.12520036,0.14127289,0.7335267,H,0.012385179861733691,0.05659849506261036,0.9310163250756557
H,H,0.051737335,0.23508081,0.7131819,H,0.16301914,0.2140737,0.62290716,H,0.12476646322748797,0.2252729632361138,0.6499605735363986
H,H,0.0057858713,0.012866625,0.98134756,H,0.13986406,0.14208421,0.71805173,H,0.0452242642858682,0.14363143694149688,0.8111442987726349
H,H,0.16998596,0.17957394,0.65044016,H,0.23716946,0.2868035,0.47602707,H,0.22495878921610338,0.30495956422658765,0.47008164655730916
D,H,0.06710318,0.05512865,0.8777682,H,0.15346444,0.19517197,0.65136355,H,0.11027077170272913,0.16162808186385752,0.7281011464334134
A,H,0.3618433,0.09752597,0.5406308,A,0.37524557,0.26329294,0.3614615,A,0.470204783720193,0.22547737604789983,0.3043178402319073
A,H,0.45712414,0.06945229,0.4734235,A,0.38264707,0.26848182,0.34887114,A,0.4406089484479921,0.1960159746384383,0.3633750769135697
A,A,0.63154733,0.24321596,0.12523672,A,0.5339872,0.28298074,0.18303202,A,0.5774176910884757,0.2701596805408246,0.15242262837069984
H,A,0.5853319,0.16624892,0.24841912,A,0.5065701,0.2346374,0.25879255,A,0.5592456344046827,0.2252423341495612,0.2155120314457561
A,A,0.7495673,0.14474113,0.10569165,A,0.627708,0.1971325,0.1751595,A,0.6804858108588655,0.20029712158071647,0.11921706756041778
H,H,0.23040384,0.24240573,0.5271904,H,0.21954034,0.29783472,0.48262498,H,0.2523088499477009,0.2918656319381781,0.4558255181141208
D,A,0.5173356,0.2886777,0.19398671,A,0.5200453,0.23789987,0.24205483,A,0.547491839626424,0.27982697723416483,0.17268118313941133
D,A,0.78981054,0.1285721,0.08161736,A,0.6733393,0.16424577,0.1624149,A,0.780078971068872,0.14945878003877822,0.0704622488923502
H,H,0.07135711,0.037174825,0.8914681,H,0.14365737,0.18406974,0.67227286,H,0.09611036801875322,0.11287716238934177,0.7910124695919052
H,H,0.13088037,0.35651135,0.5126083,H,0.3199876,0.2843672,0.39564523,H,0.32603635388139685,0.31429563307596964,0.3596680130426336
H,H,0.010176848,0.04046993,0.94935316,H,0.12681963,0.13016663,0.74301374,H,0.023243289686709523,0.05645214883391089,0.9203045614793792
D,A,0.55777675,0.2693708,0.17285237,A,0.5284167,0.22377612,0.24780716,A,0.5781405146121211,0.22646689242001014,0.19539259296786862
D,A,0.37198868,0.31119192,0.31681943,A,0.37722522,0.30024374,0.32253104,A,0.3739661300531093,0.3379396580103819,0.28809421193650875
H,H,0.12646697,0.22363538,0.64989763,H,0.18430455,0.28988877,0.52580667,D,0.1482788966451432,0.4350188494475871,0.4167022539072694
D,A,0.42167065,0.27511644,0.30321285,A,0.3778972,0.3102549,0.31184793,A,0.3978736027622399,0.34887739039808324,0.25324900683967644
A,H,0.07789766,0.12149139,0.80061096,H,0.17469251,0.21968389,0.6056236,H,0.20861807517345962,0.21100166693236275,0.5803802578941778
A,H,0.03170029,0.12678203,0.8415176,H,0.13384664,0.16955325,0.6966001,H,0.049491747128102545,0.13553065015234805,0.8149776027195493
A,D,0.15119216,0.4268701,0.4219377,H,0.20531535,0.32058936,0.47409528,D,0.16475105950770216,0.5001593910006548,0.335089549491643
H,H,0.0919564,0.16563383,0.74240977,H,0.16896947,0.24022827,0.59080225,H,0.13694682533110394,0.24885370045270566,0.6141994742161904
A,A,0.54119956,0.23000532,0.22879519,A,0.40083128,0.27695215,0.32221654,A,0.4394761398392759,0.2471008872551784,0.3134229729055459
A,A,0.5368235,0.15793017,0.30524626,A,0.39823803,0.27622122,0.32554075,A,0.49482738908912366,0.2509164652421646,0.2542561456687122
A,A,0.7793831,0.13755429,0.08306256,A,0.6758686,0.1780138,0.14611766,A,0.8407561603359478,0.09837715523043704,0.060866684433615294
H,H,0.24538898,0.21936913,0.53524184,H,0.2459846,0.29747766,0.45653778,H,0.22478186985386053,0.26190669349994755,0.5133114366461917
H,H,0.3414327,0.08547271,0.57309467,H,0.32356164,0.2984985,0.37793985,H,0.3276768605274721,0.2563672298766846,0.4159559095958433
H,H,0.092839934,0.07233439,0.8348257,H,0.17852552,0.22067149,0.60080296,H,0.1533029085555469,0.19796350162515836,0.648733589819295
A,A,0.6075688,0.24242398,0.1500072,A,0.5810271,0.20949386,0.20947905,A,0.6293690151221707,0.2510429909157193,0.11958799396210955
H,H,0.07105387,0.15228567,0.7766604,H,0.14496548,0.18545385,0.66958064,H,0.11675355067721503,0.13347366156871548,0.7497727877540694
H,H,0.050142214,0.037356127,0.9125017,H,0.16500606,0.18182385,0.6531701,H,0.0956497986033888,0.19937343997573712,0.7049767614208746
H,H,0.30574247,0.13447961,0.55977786,H,0.3301103,0.28700757,0.38288212,A,0.373380927150477,0.2620007399295202,0.36461833292000256
A,H,0.43120804,0.11417804,0.45461392,H,0.32888323,0.29567298,0.3754438,A,0.4115896764722918,0.24219417189882672,0.34621615162888164
H,A,0.57518995,0.25726742,0.16754259,A,0.5872044,0.21756771,0.19522789,A,0.5941885753619074,0.27928379104914186,0.12652763358895067
A,A,0.67864835,0.21076016,0.11059154,A,0.6101278,0.21957016,0.17030203,A,0.6956729035852609,0.19529628750881475,0.109030808905924
H,H,0.32994363,0.14676231,0.52329403,H,0.28238598,0.26950923,0.4481048,H,0.32969471929259336,0.18669355519375064,0.48361172551365605
D,H,0.124835566,0.24438897,0.63077545,H,0.21377048,0.28898016,0.49724934,H,0.233261590530193,0.2706725996950162,0.496065809774791
H,H,0.016403824,0.023563053,0.9600331,H,0.14075658,0.1881969,0.6710465,H,0.05848548125605871,0.15758713853252418,0.7839273802114173
D,A,0.42708218,0.36871305,0.20420484,A,0.5004941,0.2536354,0.24587047,A,0.4926576441145229,0.35047137099903525,0.15687098488644177
D,H,0.15017763,0.1324439,0.7173785,H,0.18596245,0.21991491,0.59412265,H,0.11992148820338873,0.19115503839678535,0.6889234733998262
D,H,0.2577365,0.29019457,0.45206887,H,0.29420218,0.29432064,0.4114772,H,0.3001407701775874,0.34547024756126193,0.354388982261151
H,H,0.18581085,0.09729538,0.7168938,H,0.2012447,0.24436247,0.5543928,H,0.2038963903909846,0.22313278968273698,0.5729708199262785
A,A,0.6807065,0.16975921,0.14953436,A,0.41896302,0.305665,0.27537206,A,0.4072226584105962,0.393179516031992,0.1995978255574118
H,D,0.23913376,0.39931822,0.36154804,H,0.26428595,0.35468027,0.38103375,D,0.2066705643283809,0.5186825918614949,0.27464684381012416
A,A,0.8170904,0.11706796,0.065841675,A,0.69075495,0.1715235,0.13772161,A,0.8395570199667454,0.11372336160367577,0.046719618429579
H,H,0.16091302,0.37470487,0.4643821,H,0.25688413,0.30793023,0.4351857,D,0.2536285060594401,0.3883584779542149,0.35801301598634516
D,A,0.43633148,0.26047868,0.30318984,A,0.4092685,0.28292087,0.30781066,A,0.4055593552504708,0.3890079359683045,0.2054327087812249
H,H,0.026581075,0.11460034,0.85881865,H,0.1241409,0.1318705,0.74398863,H,0.012598164252953624,0.034538471414674,0.9528633643323721
A,A,0.6190187,0.16974838,0.21123296,A,0.4514566,0.2596383,0.28890508,A,0.472798723809336,0.3021703484244962,0.2250309277661682
A,A,0.75093645,0.123730674,0.12533294,A,0.602109,0.19744566,0.20044535,A,0.7021006564131277,0.17496446394345802,0.12293487964341449
D,D,0.24309158,0.42476112,0.33214733,D,0.33963162,0.3477153,0.3126531,D,0.2822043053727952,0.4698750885049688,0.2479206061222359
H,H,0.05585975,0.037964836,0.90617543,H,0.13150464,0.13500942,0.73348594,H,0.018331292335451634,0.045134840205935854,0.936533867458612
H,D,0.3271084,0.39059335,0.28229824,A,0.35276008,0.30428723,0.3429527,D,0.3131075512450533,0.43589173759095595,0.2510007111639912
H,H,0.10953887,0.05927813,0.831183,H,0.19825698,0.22891906,0.572824,H,0.1675150033094284,0.19304940459074765,0.6394355920998245
H,H,0.05640617,0.26559275,0.6780011,H,0.18243244,0.23907343,0.57849413,H,0.1445450023995927,0.261923803340933,0.5935311942594746
H,A,0.4612047,0.17533696,0.36345834,A,0.36701348,0.2876223,0.34536418,A,0.39488586815069376,0.26889469813173844,0.33621943371756785
H,H,0.09969451,0.25015128,0.6501542,H,0.17600387,0.2501368,0.57385933,H,0.14411079015135464,0.38151268575381464,0.47437652409483055
H,H,0.096995875,0.08971123,0.8132929,H,0.18372469,0.23370768,0.58256763,H,0.11432324261108809,0.23008124428979518,0.6555955130991168
A,H,0.3050042,0.21322012,0.48177576,H,0.26471084,0.27872995,0.4565592,H,0.24940347180529243,0.29214780397571627,0.4584487242189912
A,A,0.5328064,0.26018628,0.20700727,A,0.5248373,0.2237829,0.25137976,A,0.5490069598596699,0.2830721969370581,0.1679208432032722
H,H,0.082537994,0.043855645,0.8736064,H,0.15187018,0.17436902,0.67376083,H,0.06122271380384186,0.1140338891119408,0.8247433970842173
D,H,0.0669944,0.26195058,0.671055,H,0.18066418,0.28913137,0.5302045,H,0.16907127886923462,0.2548415361787762,0.5760871849519892
A,A,0.7974503,0.12463512,0.07791458,A,0.6667771,0.16611998,0.16710299,A,0.8060768236534795,0.12027268178176476,0.07365049456475549
A,H,0.32381,0.33409882,0.34209114,H,0.31650725,0.32416373,0.359329,A,0.3590493981442892,0.3427672077356187,0.29818339412009204
A,A,0.6905977,0.18459801,0.12480432,A,0.5468011,0.26023543,0.19296353,A,0.6326987476090542,0.2348895068380272,0.13241174555291885
D,D,0.27097264,0.39076746,0.3382599,H,0.36498684,0.25050133,0.3845119,A,0.38672740186800164,0.3655272659415871,0.24774533219041137
A,A,0.7257516,0.13748546,0.13676298,A,0.5039352,0.24310741,0.25295743,A,0.5479988455025814,0.25782620654595506,0.1941749479514639
A,D,0.27650645,0.41208827,0.31140533,H,0.32213444,0.2962439,0.3816217,D,0.2302925335760985,0.5304925559723473,0.2392149104515547
H,H,0.24680772,0.09991405,0.6532782,H,0.26717848,0.33689094,0.39593062,H,0.36318749569240455,0.24596101244686883,0.39085149186072676
A,A,0.8084439,0.12226208,0.06929403,A,0.67168266,0.16389567,0.16442163,A,0.7854453803486382,0.13610622286856983,0.07844839678279227
H,H,0.044364095,0.06900572,0.88663024,H,0.13020325,0.14079282,0.7290039,H,0.03231376346795921,0.05001477256472686,0.9176714639673135
H,H,0.030215604,0.053205095,0.9165793,H,0.13493194,0.13005155,0.73501647,H,0.021275114788467074,0.05058416955293035,0.9281407156586021
A,A,0.4082561,0.25914755,0.3325964,A,0.41427246,0.28056186,0.30516568,A,0.44383942002286275,0.3168509741579562,0.23930960581918112
A,D,0.3240878,0.357264,0.31864822,H,0.3471178,0.2770136,0.37586853,D,0.3019501403687978,0.3903715271322244,0.30767833249897775
H,A,0.46754414,0.23053993,0.30191585,A,0.38572598,0.2898377,0.3244363,A,0.44587019859137555,0.2857828359122033,0.2683469654964211
H,H,0.11197032,0.10585488,0.7821749,H,0.18800549,0.23644984,0.5755447,H,0.1416763460968338,0.22150211865065106,0.6368215352525156
A,A,0.4265429,0.31590518,0.2575519,A,0.41006058,0.29541022,0.29452923,A,0.44948775733622126,0.35443665304380234,0.19607558961997662
H,H,0.02531621,0.063085854,0.9115979,H,0.1279176,0.15435584,0.7177266,H,0.030986020370362286,0.07241547487655609,0.8965985047530816
A,A,0.56036997,0.2314636,0.2081665,A,0.38042626,0.2907758,0.32879797,A,0.4775226415317774,0.2820403484070723,0.24043701006115015
H,A,0.49530795,0.25815067,0.2465413,A,0.42659268,0.2897004,0.28370693,A,0.4854905399455332,0.2842796816372165,0.23022977841725015
A,A,0.888338,0.07651765,0.03514426,A,0.7120938,0.15206319,0.13584302,A,0.8894732439510031,0.07271163787664085,0.037815118172356464
H,H,0.06280801,0.030079149,0.9071129,H,0.17558217,0.17025961,0.6541582,H,0.06359661961903139,0.12408440388285415,0.8123189764981141
A,D,0.32377476,0.3806758,0.29554948,A,0.38942346,0.29805925,0.31251734,D,0.3293785836172426,0.4279292251667392,0.2426921912160184
D,D,0.23448065,0.39055043,0.3749689,H,0.28538886,0.33409384,0.3805173,D,0.28911414605259117,0.3767952317189421,0.33409062222846697
H,H,0.12746902,0.18225935,0.6902717,H,0.17741269,0.23116733,0.59142,H,0.1043477328162547,0.25272173618884713,0.6429305309948983
A,A,0.57942,0.17801051,0.24256958,A,0.48113275,0.27080944,0.24805783,A,0.5789814079998878,0.21221618472365716,0.20880240727645497
A,H,0.22410682,0.37817883,0.39771435,H,0.2589388,0.34243786,0.39862335,D,0.2457308792838492,0.4553685955241004,0.2989005251920511
H,H,0.3359387,0.26283845,0.40122283,H,0.33653972,0.29480854,0.36865178,H,0.3296297071708245,0.3315415933606959,0.3388286994684798
D,A,0.72676456,0.11312986,0.16010557,A,0.5423392,0.20386101,0.25379974,A,0.6285016233771509,0.2169606428770954,0.15453773374575394
H,D,0.22194196,0.41191286,0.36614516,H,0.24343649,0.37170514,0.38485837,D,0.1888422422289422,0.48053330633034114,0.3306244514407167
H,H,0.10076538,0.09957312,0.7996616,H,0.16904695,0.24163726,0.5893158,H,0.10440018665069069,0.2011927643123183,0.694407049036991
A,A,0.88072187,0.061988365,0.057289757,A,0.6387782,0.20263216,0.15858963,A,0.7700011964046145,0.15506078120311806,0.07493802239226766
H,A,0.35872743,0.3114289,0.3298436,A,0.3638609,0.31851244,0.31762663,D,0.3127777596224717,0.36085045829629075,0.32637178208123774
H,H,0.1649283,0.14760719,0.6874645,H,0.1813004,0.22728822,0.5914114,H,0.13784473258285235,0.2549411469072713,0.6072141205098766
A,D,0.30220014,0.36572996,0.33206996,D,0.2675508,0.38084665,0.35160258,D,0.16652664347650326,0.5803232378305201,0.25315011869297643
A,D,0.2534592,0.4527768,0.29376402,A,0.3726199,0.31223667,0.31514344,D,0.3041325069684187,0.5026663160337599,0.19320117699782124
A,A,0.6123461,0.17438915,0.2132647,A,0.53757584,0.2191015,0.24332267,A,0.596390297181544,0.22262788866648328,0.18098181415197265
D,A,0.424576,0.26823735,0.30718663,A,0.3919235,0.30097407,0.3071025,A,0.410227102336005,0.3245269506199617,0.26524594704403337
H,H,0.06886637,0.09086231,0.8402713,H,0.15211493,0.16292489,0.6849602,H,0.08703819216210817,0.0889919798949934,0.8239698279428981
A,A,0.61043787,0.2112426,0.1783195,A,0.57842386,0.19466689,0.22690926,A,0.7172796199170623,0.15113178575705422,0.1315885943258837
A,D,0.32462534,0.39936867,0.27600598,A,0.4291185,0.28310123,0.28778028,D,0.36853079728199034,0.4206288418994142,0.21084036081859583
A,A,0.7662856,0.1108804,0.122834064,A,0.6397603,0.19534893,0.1648907,A,0.6689616336553926,0.20104031907658315,0.1299980472680238
D,A,0.7195532,0.16377711,0.116669714,A,0.57545614,0.2111539,0.21338995,A,0.6119453976094911,0.2210193506500018,0.16703525174050707
D,H,0.24403758,0.13219666,0.62376577,H,0.2624091,0.29504722,0.44254366,H,0.2190162508811883,0.2846579347176776,0.49632581440113405
D,H,0.17167416,0.32766137,0.50066453,H,0.21048644,0.28598198,0.50353163,H,0.17467754135952823,0.35115545858250763,0.4741670000579643
H,H,0.089496486,0.07359087,0.83691263,H,0.17658286,0.20907436,0.6143428,H,0.07034451647285672,0.19606273268858884,0.7335927508385544
H,H,0.17804317,0.060945287,0.76101154,H,0.22155364,0.25338876,0.5250576,H,0.18513451706177886,0.22061169280148957,0.5942537901367316
D,H,0.22351888,0.35019672,0.42628446,H,0.28035268,0.30966595,0.4099813,H,0.24055217559820538,0.3722446756296032,0.3872031487721912
A,A,0.74171525,0.1612604,0.09702428,A,0.6349769,0.21210685,0.15291627,A,0.723574724891714,0.16772804144689613,0.10869723366138981
D,H,0.1722666,0.36741734,0.46031615,H,0.19903941,0.29202786,0.5089327,H,0.1303098617134736,0.3877919215291717,0.4818982167573545
A,A,0.38536736,0.3002687,0.31436396,D,0.330158,0.3367865,0.33305547,A,0.4247792329685792,0.31871665310984915,0.2565041139215717
H,H,0.15721019,0.4156593,0.4271305,H,0.25786254,0.3308966,0.4112409,D,0.14575335410982806,0.45765001744105377,0.3965966284491182
D,H,0.2683184,0.3304048,0.4012767,H,0.2556582,0.35411522,0.39022663,D,0.2262922270360875,0.4517487445492089,0.321959028414704
A,A,0.69818455,0.17809372,0.123721726,A,0.50826454,0.2765282,0.21520722,A,0.5962786347438676,0.24459252791731456,0.15912883733881808
A,H,0.17264017,0.07369393,0.75366586,H,0.21941006,0.2187009,0.56188905,H,0.19110454868846002,0.1934470717177345,0.6154483795938053
H,H,0.11958865,0.15933377,0.72107756,H,0.21475211,0.29402557,0.4912223,H,0.2022472887427531,0.2268588628203802,0.5708938484368669
D,H,0.2085757,0.22719684,0.56422746,H,0.21169114,0.27689946,0.51140946,H,0.13761723883499,0.3730463750508153,0.48933638611419494
A,A,0.5158144,0.32667357,0.15751204,A,0.5180362,0.27543873,0.20652507,A,0.4887721816617882,0.3493863196945492,0.16184149864366276
A,A,0.6773686,0.14710125,0.17553015,A,0.52960867,0.24775071,0.22264062,A,0.6084740682295751,0.22525515506326574,0.1662707767071588
D,D,0.3010615,0.37038493,0.32855362,D,0.275051,0.39103156,0.3339174,D,0.20768036745640603,0.5133122412795965,0.2790073912639977
H,H,0.11652752,0.28436676,0.5991058,H,0.19051875,0.20358764,0.6058936,H,0.14778883407170118,0.21835769422238205,0.6338534717059167
D,A,0.5645255,0.25597912,0.17949538,A,0.45542195,0.30945694,0.23512109,D,0.3439239104032197,0.4049737326721796,0.251102356924601
D,A,0.6937077,0.15253015,0.15376215,A,0.41033202,0.30494562,0.28472236,A,0.4204518002733353,0.24892418797586469,0.3306240117508
H,A,0.4173529,0.27707067,0.3055765,A,0.3860143,0.30713007,0.30685565,A,0.40834676956252414,0.3082957844310731,0.28335744600640267
H,A,0.42420432,0.25144017,0.32435554,A,0.38155532,0.3013802,0.31706443,A,0.40898435335555566,0.2966237873749323,0.2943918592695122
A,A,0.5682917,0.2241356,0.2075727,A,0.53347033,0.2163176,0.25021204,A,0.6713487011770599,0.1735206481703591,0.1551306506525808
H,H,0.17465927,0.24622592,0.57911485,H,0.2561999,0.29367152,0.45012864,H,0.18911471788697679,0.3530684771154276,0.4578168049975956
D,A,0.34466583,0.32309276,0.3322414,A,0.40203828,0.3088093,0.2891524,D,0.35651595015560084,0.37302826520422,0.27045578464017916
D,D,0.28938067,0.42069483,0.2899245,H,0.3450936,0.29421648,0.36068988,D,0.3185995709154899,0.43898524326886545,0.24241518581564478
H,H,0.19614689,0.37079206,0.4330611,H,0.2447638,0.30134115,0.453895,D,0.2272679106810051,0.3902565355141625,0.38247555380483256
A,H,0.28862643,0.27543658,0.43593702,H,0.27570143,0.33966285,0.38463572,H,0.30044454243419155,0.32008962611210956,0.37946583145369883
A,A,0.7849301,0.13327323,0.08179666,A,0.66525745,0.18744141,0.14730115,A,0.775424748992106,0.13582333626999868,0.08875191473789563
H,D,0.31846133,0.38208392,0.29945478,A,0.37009043,0.3260265,0.3038831,D,0.28960711808222683,0.49576269578568394,0.21463018613208928
D,H,0.22511649,0.23061125,0.5442723,H,0.25266623,0.32739222,0.4199416,H,0.25398766583843696,0.3308782159751636,0.4151341181863998
D,H,0.26425827,0.23176585,0.50397587,H,0.26535136,0.31303602,0.42161262,H,0.32653609390984206,0.29568540534475485,0.377778500745403
H,H,0.050548602,0.0827159,0.8667355,H,0.15187101,0.17797144,0.67015755,H,0.06980031894275661,0.14716769437309352,0.78303198668415
D,A,0.77674097,0.11230177,0.11095727,A,0.612253,0.21667263,0.17107432,A,0.6785121238253494,0.19445437726367504,0.1270334989109755
A,A,0.52075857,0.12706132,0.3521801,H,0.31238878,0.29570493,0.39190632,A,0.4035991986261658,0.2009893429992395,0.3954114583745944
H,H,0.14842802,0.0909015,0.7606705,H,0.19298771,0.1794655,0.62754685,H,0.10796976413810264,0.17528634468725224,0.7167438911746449
D,A,0.43646237,0.30854282,0.25499484,A,0.45517725,0.29679525,0.24802755,A,0.43961791265755834,0.3505180064983256,0.2098640808441158
H,H,0.040037036,0.07323476,0.88672817,H,0.14790793,0.16602671,0.6860653,H,0.06441648489055188,0.13077615361329034,0.8048073614961576
H,H,0.35224083,0.28202215,0.36573702,H,0.27739933,0.35288122,0.36971945,H,0.2719942637214099,0.35127869064976636,0.37672704562882364
H,H,0.20053843,0.2430867,0.55637485,H,0.24173589,0.29403403,0.46423003,H,0.23499841680591335,0.231960772773928,0.5330408104201589
H,A,0.6815882,0.20098294,0.11742893,A,0.62452924,0.21695703,0.1585137,A,0.6769127685428821,0.2180583162087394,0.10502891524837828
H,H,0.29584217,0.1439667,0.56019115,H,0.31654713,0.27264562,0.41080722,H,0.3351732702842902,0.24253615477191914,0.4222905749437906
A,A,0.6474009,0.21952656,0.13307257,A,0.6007172,0.23091541,0.16836743,A,0.665070201801359,0.2206904096241665,0.11423938857447472
D,H,0.15433028,0.40057555,0.44509417,H,0.2094105,0.36845627,0.42213324,D,0.15079724865023833,0.46028614490529096,0.38891660644447057
D,H,0.28327385,0.23070225,0.48602387,H,0.31797296,0.29711884,0.38490817,H,0.27467087615053454,0.3225894188041133,0.4027397050453522
H,H,0.25870275,0.26907128,0.47222602,H,0.25341153,0.29839635,0.44819215,H,0.2634643842491007,0.2922998789979099,0.44423573675298944
A,H,0.28243932,0.15988472,0.55767596,H,0.2548832,0.30616632,0.43895054,H,0.2814664701948325,0.25792724827808894,0.46060628152707844
H,A,0.48537034,0.22814105,0.28648856,A,0.38548866,0.29937676,0.31513464,A,0.4536290024204968,0.27489947990019015,0.2714715176793131
A,A,0.6328509,0.12348805,0.24366109,A,0.40405837,0.27638805,0.3195536,A,0.39170715393125377,0.2604595304164572,0.347833315652289
H,A,0.43710682,0.3430415,0.21985172,A,0.44125885,0.30014655,0.2585946,A,0.4373330326121628,0.4106333366648542,0.1520336307229832
A,A,0.39320865,0.23325989,0.3735315,A,0.34879175,0.31896737,0.33224088,A,0.39332642256704864,0.3034474352634332,0.30322614216951804
H,H,0.35610965,0.2658073,0.37808302,H,0.31820825,0.33834594,0.34344584,H,0.29422087013444104,0.31670050533375904,0.38907862453180014
A,A,0.5754567,0.26091698,0.1636263,A,0.44876015,0.30132684,0.24991302,D,0.3799252294390738,0.40157262999684223,0.21850214056408404
A,A,0.6478141,0.17102031,0.18116556,A,0.54764175,0.20953082,0.24282745,A,0.6206672823004822,0.19514223699476127,0.18419048070475647
H,H,0.13194576,0.18748352,0.68057066,H,0.19632608,0.22063558,0.5830384,H,0.15250446634279724,0.164257563001453,0.6832379706557498
H,H,0.29174805,0.26223886,0.4460131,H,0.2980455,0.31571686,0.38623768,D,0.32855701782525526,0.34077739731012635,0.33066558486461894
A,A,0.8200668,0.09195983,0.0879734,A,0.6547436,0.19173636,0.15352,A,0.7205563863124703,0.1971219142975428,0.08232169938998686
D,H,0.25502136,0.33970827,0.40527043,H,0.2769557,0.3151753,0.40786898,H,0.25806677136615475,0.3504334274255468,0.39149980120829836
H,H,0.040861867,0.041039363,0.9180988,H,0.16229968,0.16822164,0.66947865,H,0.04817554580843114,0.09812533871173523,0.8536991154798335
H,H,0.18909176,0.15857711,0.6523312,H,0.19032069,0.25709063,0.5525887,H,0.12494412194811462,0.2613156796782401,0.6137401983736452
D,D,0.20681025,0.4515816,0.3416081,H,0.29281747,0.31888044,0.3883021,D,0.21713812149144546,0.4550690285404391,0.32779284996811553
D,D,0.35119435,0.3594921,0.28931352,A,0.39193985,0.3093361,0.29872403,D,0.3162796307896396,0.4832778545620521,0.20044251464830873
D,D,0.25765294,0.40540525,0.33694187,A,0.37505624,0.33197862,0.2929651,D,0.34367878824546644,0.4095119230685508,0.24680928868598265
H,A,0.41300553,0.21356493,0.3734296,H,0.29575276,0.29334557,0.41090164,H,0.3079848669399651,0.30078121817951176,0.3912339148805233
H,A,0.37634486,0.3308787,0.29277638,D,0.3021382,0.3873017,0.31056008,D,0.34137506541641194,0.38033597838794525,0.2782889561956431
H,H,0.22194354,0.34403625,0.4340202,H,0.2764471,0.32254463,0.4010083,H,0.305152634468727,0.3402422745954915,0.35460509093578174
H,D,0.32774153,0.39209443,0.28016397,A,0.36002874,0.31347987,0.32649142,A,0.39924153002936735,0.3763676571792233,0.22439081279140966
H,H,0.12438224,0.13919212,0.73642564,H,0.16562505,0.18509638,0.6492786,H,0.09806975187275027,0.16165191782523203,0.7402783303020182
H,A,0.6719463,0.20292382,0.12512998,A,0.47741437,0.31396693,0.20861866,A,0.47697848430768736,0.33431198831434067,0.18870952737797209
H,H,0.19740997,0.20576437,0.5968256,H,0.2179608,0.32554597,0.45649326,H,0.20410808436625238,0.34094643271472336,0.4549454829190244
D,A,0.51873726,0.17911792,0.30214477,H,0.28883502,0.29545602,0.41570893,H,0.2963657187547121,0.2771599489223317,0.42647433232295634
H,A,0.42589346,0.27791724,0.29618928,A,0.3620017,0.30633128,0.331667,A,0.42694843475113314,0.2870173622527895,0.28603420299607746
D,A,0.54775864,0.19308701,0.2591544,A,0.41754997,0.29927188,0.28317815,A,0.47332886007734315,0.28049162094877533,0.24617951897388146
H,A,0.51845956,0.17295162,0.3085888,A,0.4502481,0.2743428,0.2754092,A,0.4894280188211467,0.29144349522782986,0.2191284859510232
D,A,0.5559807,0.22087684,0.22314247,A,0.5097053,0.23902854,0.25126615,A,0.6157393891386027,0.19102401499185861,0.1932365958695385
H,H,0.2929727,0.31269544,0.3943318,H,0.27622184,0.33005014,0.39372802,H,0.29153114951175796,0.33958715051192956,0.3688816999763127
D,A,0.3815592,0.3359065,0.28253424,A,0.3572881,0.34363648,0.2990754,D,0.34195001871247704,0.43219870735038585,0.22585127393713716
A,A,0.3891147,0.3275702,0.2833151,A,0.37450394,0.33377528,0.29172084,D,0.3000882821383288,0.4306706156604927,0.2692411022011789
H,H,0.22999616,0.08082206,0.6891818,H,0.20886102,0.24074835,0.5503906,H,0.15967739865677388,0.2372558986341518,0.603066702709074
H,D,0.3209594,0.3730657,0.30597484,A,0.359143,0.32087964,0.31997737,D,0.333144862530892,0.4044285221352362,0.262426615333872
H,D,0.3218762,0.35898954,0.31913432,A,0.38797903,0.30234033,0.30968058,D,0.32347318923991586,0.43057851605613884,0.24594829470394555
H,H,0.1323631,0.07327486,0.79436207,H,0.18896997,0.20282218,0.6082079,H,0.11562589709168629,0.16548489450488307,0.7188892084034308
A,H,0.29554352,0.17460638,0.5298501,H,0.25348687,0.31523472,0.43127844,H,0.21361467674472653,0.24535250359865451,0.5410328196566188
A,H,0.30689433,0.22650963,0.46659607,H,0.30378506,0.31053793,0.38567695,H,0.2972873449729982,0.28976944619818934,0.41294320882881247
H,H,0.24056779,0.1198839,0.63954824,H,0.23990992,0.26661998,0.49347016,H,0.19487627328360285,0.2870011669403572,0.5181225597760398
D,D,0.2638096,0.43678,0.2994104,A,0.36573368,0.32836187,0.30590442,D,0.2648840464183861,0.5617724621902478,0.17334349139136618
A,H,0.12609966,0.08896165,0.78493863,H,0.2035666,0.23972696,0.5567065,H,0.17238813544756648,0.14969147138246428,0.6779203931699692
D,D,0.30131435,0.38032362,0.31836197,H,0.31696174,0.3263084,0.35672992,D,0.31522430823920833,0.4030854504923465,0.28169024126844516
H,H,0.22739646,0.19884095,0.5737626,H,0.2487906,0.291303,0.45990634,H,0.21498292420100104,0.2989582510988527,0.4860588247001465
D,D,0.21855962,0.393756,0.38768438,H,0.28421435,0.32428616,0.3914995,D,0.18405257644149714,0.5198432260273395,0.2961041975311638
A,H,0.32261217,0.24112639,0.4362615,H,0.29957557,0.30290687,0.3975176,H,0.3025240197534508,0.29464395192712983,0.40283202831941956
A,A,0.7537553,0.13614275,0.11010206,A,0.6604997,0.17892218,0.16057816,A,0.7607160158677975,0.14692119970407885,0.09236278442812373
A,A,0.39863124,0.2629897,0.338379,H,0.30267403,0.32103637,0.37628958,H,0.2952619393523667,0.31284815330253707,0.3918899073450964
A,A,0.9149119,0.06188691,0.023201173,A,0.7155888,0.15430081,0.13011037,A,0.8883361795960448,0.05230466821497567,0.059359152188979775
D,A,0.61552954,0.22109218,0.16337828,A,0.45147568,0.28932473,0.25919953,A,0.45233047573095425,0.30169629263248404,0.2459732316365616
A,H,0.18047965,0.12290846,0.69661194,H,0.19204554,0.2864804,0.5214741,H,0.10376662846255016,0.21251462989685302,0.6837187416405967
D,H,0.09416811,0.20714876,0.6986831,H,0.18068679,0.19374885,0.6255644,H,0.10496139600399135,0.21765423998192182,0.6773843640140867
A,A,0.5962581,0.25714287,0.14659898,A,0.60151964,0.22662273,0.17185763,A,0.6629970231504049,0.2289101393754423,0.10809283747415241
D,A,0.48918244,0.2570005,0.25381708,A,0.42742604,0.30844775,0.2641262,A,0.36922050272848994,0.36664774309182824,0.2641317541796818
H,H,0.16306354,0.12989764,0.7070388,H,0.19829609,0.27155432,0.5301496,H,0.14453869630805904,0.28172176535999766,0.5737395383319428
A,A,0.52769494,0.2530698,0.2192353,A,0.44653115,0.30215713,0.25131175,A,0.4458150218598125,0.36615040234371354,0.1880345757964738
H,H,0.11960253,0.07693322,0.80346423,H,0.17724742,0.21111536,0.61163723,H,0.10722083600224874,0.20805434552622795,0.6847248184715233
H,A,0.38495773,0.30095282,0.31408948,A,0.35465106,0.33910623,0.30624273,D,0.3046105545078669,0.3770898899266676,0.31829955556546585
D,A,0.45213893,0.29136053,0.25650045,A,0.40743387,0.30229098,0.2902751,A,0.4299609976961427,0.307386539254587,0.2626524630492701
H,H,0.23332092,0.23814534,0.52853376,H,0.25869012,0.33093718,0.41037264,H,0.26610609517684075,0.33074418265855465,0.403149722164605
H,H,0.13022713,0.22784622,0.64192665,H,0.19872555,0.23273373,0.56854075,H,0.24544065932925313,0.2292269367631943,0.5253324039075524
A,A,0.68346214,0.19226624,0.124271594,A,0.5453522,0.24967805,0.20496973,A,0.5684309431040377,0.2658726299317512,0.16569642696421127
H,A,0.6270906,0.20057736,0.17233208,A,0.41539657,0.31670144,0.267902,A,0.41527796413652923,0.3723966060244881,0.21232542983898284
H,H,0.28114778,0.12200274,0.5968495,H,0.28404415,0.2995999,0.41635603,H,0.2880318779830869,0.29365077862920347,0.41831734338770965
H,H,0.14574909,0.322644,0.531607,H,0.23281415,0.33618093,0.4310049,H,0.1978170674969153,0.3851639584766322,0.4170189740264526
H,H,0.12375753,0.33048725,0.54575527,H,0.16566096,0.27463928,0.5596998,H,0.09158313073499526,0.24271560578890802,0.6657012634760968
H,D,0.3130953,0.37142846,0.3154762,A,0.36565524,0.3214505,0.3128942,D,0.23232139274004798,0.42110352743729706,0.34657507982265506
D,A,0.48111385,0.28412163,0.23476446,A,0.4447858,0.28588486,0.26932937,A,0.4948893029219183,0.3066290168505617,0.19848168022752002
A,A,0.82728577,0.10134107,0.07137315,A,0.6639879,0.1779967,0.15801543,A,0.8170804208767932,0.1053699426440369,0.07754963647916994
H,H,0.33331722,0.32508385,0.34159896,H,0.30623144,0.33103058,0.362738,D,0.259752022653897,0.4265056190339424,0.3137423583121609
H,H,0.35855916,0.14710006,0.49434072,H,0.29237777,0.27303475,0.43458742,H,0.29171443924592094,0.21033855649968394,0.4979470042543956
H,A,0.47036806,0.20878443,0.3208475,A,0.3833419,0.30677152,0.3098866,A,0.4324494011316111,0.2792011508110597,0.28834944805732904
H,H,0.052566256,0.116474256,0.83095944,H,0.17352529,0.19426334,0.6322114,H,0.0759276694926078,0.19286818871235703,0.7312041417950348
D,A,0.4877877,0.2628522,0.24936013,A,0.44430736,0.2701822,0.28551045,A,0.4964671099523723,0.2855022052312929,0.21803068481633514
A,A,0.65857714,0.12245037,0.2189725,A,0.49517253,0.27273142,0.232096,A,0.5552681046528878,0.2363692138748704,0.20836268147224157
A,A,0.48585725,0.27544296,0.23869984,A,0.46875978,0.2653454,0.2658949,A,0.53009343152368,0.298865160961947,0.17104140751437338
D,A,0.41298917,0.3557425,0.23126835,A,0.431708,0.31132507,0.25696695,D,0.4008466656108447,0.45612415109751825,0.14302918329163736
D,A,0.7011341,0.1662958,0.13257006,A,0.6216904,0.20471387,0.17359573,A,0.6814401895402658,0.18917125583260033,0.12938855462713364
A,A,0.6940596,0.19361597,0.11232436,A,0.6096972,0.21095848,0.17934427,A,0.6056544636312546,0.24769697000263563,0.14664856636610948
H,A,0.518671,0.20827733,0.27305168,A,0.38186282,0.3052889,0.3128483,A,0.45150277712184106,0.22091828603768549,0.3275789368404735
D,H,0.13022265,0.14695297,0.72282434,H,0.18528308,0.18360527,0.6311117,H,0.1048699123883917,0.15239319529157105,0.7427368923200369
A,H,0.41500014,0.14439747,0.4406024,H,0.28462392,0.3270585,0.3883176,H,0.3074925528032221,0.29399138733792457,0.3985160598588535
H,H,0.08135829,0.03233523,0.88630646,H,0.17332822,0.21496737,0.61170435,H,0.048412166330097414,0.15266858038392667,0.7989192532859759
D,H,0.13398603,0.3509262,0.5150878,H,0.18104966,0.25035375,0.5685966,H,0.1014296824146596,0.3522030135793688,0.5463673040059714
H,H,0.32591343,0.14701115,0.5270754,H,0.26767442,0.3133348,0.4189908,H,0.30608689461132504,0.26276643924239446,0.4311466661462805
A,D,0.29279897,0.38868275,0.31851825,H,0.32548934,0.33351773,0.3409929,D,0.1978940621799387,0.5216428943595334,0.28046304346052797
A,H,0.13829459,0.21553758,0.6461678,H,0.19948964,0.29165944,0.50885093,H,0.14919841138595416,0.208400095372442,0.6424014932416041
A,A,0.8103182,0.08321923,0.10646265,A,0.5792038,0.20155646,0.21923976,A,0.7399382934595603,0.136590602805359,0.12347110373508106
H,H,0.14062622,0.2707617,0.5886121,H,0.23989558,0.33444178,0.4256627,H,0.2261672567608895,0.34345562595895834,0.43037711728015215
D,H,0.3356924,0.25500703,0.40930054,H,0.258112,0.3176737,0.42421427,H,0.2691274669512088,0.290801474586154,0.44007105846263705
A,A,0.46385193,0.33741552,0.1987326,A,0.5200255,0.26383525,0.21613926,A,0.5176182328576308,0.32796980695709066,0.1544119601852789
D,A,0.48947528,0.26457867,0.24594595,A,0.45179254,0.2700673,0.2781402,A,0.4985264197816388,0.2971825858249449,0.204290994393416
H,H,0.22386277,0.37810698,0.39803022,H,0.28729737,0.32255635,0.39014626,D,0.2426278052550306,0.43675142807889783,0.32062076666607153
A,A,0.81431973,0.105849765,0.07983046,A,0.6452628,0.2080484,0.1466888,A,0.7689242450937381,0.13550736267792599,0.09556839222833602
A,A,0.4938468,0.13141254,0.37474075,A,0.38706338,0.30168602,0.31125063,A,0.46076186087137133,0.27202231894628104,0.26721582018234735
A,A,0.46488774,0.30592638,0.2291859,A,0.4553452,0.2884623,0.25619242,A,0.44726225719482526,0.3706613533429996,0.18207638946217503
A,A,0.7202667,0.13756736,0.14216593,A,0.49704644,0.26450622,0.23844738,A,0.53789714256434,0.2526248671798538,0.20947799025580627
D,A,0.39369214,0.33638266,0.26992518,A,0.47857216,0.23292883,0.28849897,A,0.48176603807655644,0.30272706810950245,0.2155068938139411
D,H,0.12984623,0.13897963,0.7311742,H,0.17678322,0.21026613,0.6129507,H,0.09686036915866397,0.20384570692222068,0.6992939239191154
A,A,0.6822968,0.21110167,0.10660151,A,0.53821415,0.26672015,0.19506572,A,0.6079291390285485,0.23206725266118208,0.16000360831026936
A,H,0.21724783,0.36212003,0.4206321,H,0.26134607,0.31977826,0.41887572,D,0.22264636190313547,0.4262370315924613,0.3511166065044037
H,H,0.027173689,0.020143818,0.95268255,H,0.152816,0.16364002,0.683544,H,0.041837927128149544,0.13312072579668224,0.8250413470751685
H,A,0.44404864,0.2366971,0.31925434,D,0.29928488,0.38561842,0.3150967,D,0.3162204174780499,0.35929555224176113,0.3244840302801891
D,A,0.3940949,0.2867308,0.31917432,H,0.3277422,0.31076205,0.3614958,A,0.3671277004542654,0.29386741365337676,0.33900488589235805
D,H,0.16008513,0.23928015,0.60063475,H,0.24608447,0.26716524,0.4867503,H,0.17157877218132012,0.3164618128554318,0.5119594149632479
H,H,0.28318638,0.0939971,0.62281656,H,0.2551206,0.31571937,0.42916003,H,0.2944484011915214,0.23597366675320358,0.46957793205527504
A,A,0.7216919,0.16044296,0.11786512,A,0.4849259,0.29898074,0.21609335,A,0.5855229673845564,0.20867164000011942,0.20580539261532405
H,H,0.21837388,0.10094041,0.6806857,H,0.23035543,0.2714901,0.4981545,H,0.21313380601087392,0.2732672487756897,0.5135989452134365
D,D,0.24216346,0.38671944,0.37111717,H,0.25856346,0.35392842,0.38750818,D,0.2401800315549376,0.40527417517123254,0.3545457932738298
H,H,0.09256365,0.16914059,0.73829573,H,0.17220508,0.23749205,0.5903029,H,0.08847322701297193,0.2324421704338895,0.6790846025531384
A,A,0.7605392,0.15297954,0.08648128,A,0.6586301,0.19154677,0.14982314,A,0.7916754019543069,0.1244752422435562,0.08384935580213758
D,D,0.31480137,0.37347883,0.31171972,A,0.35327286,0.33654007,0.3101871,D,0.2606471172861407,0.47730805544775273,0.262044827266107
H,H,0.170277,0.2050611,0.62466186,H,0.20521738,0.24753419,0.5472484,H,0.09990720629836697,0.2680021559729607,0.6320906377286722
A,A,0.45789614,0.27792957,0.2641743,A,0.42759284,0.3141835,0.25822362,D,0.38430592354943743,0.3844545340333297,0.2312395424172328
A,A,0.78149843,0.12690046,0.09160111,A,0.671451,0.16859241,0.15995662,A,0.8062868926730673,0.12203110884849964,0.0716819984784336
D,A,0.44349188,0.15476401,0.40174413,A,0.36370325,0.30000016,0.33629662,H,0.37853445683680753,0.24283262621093268,0.3786329169522598
D,D,0.1903303,0.41750744,0.39216232,H,0.24477057,0.3184228,0.43680662,D,0.18524938123287263,0.451193932201083,0.36355668656604406
H,A,0.7669875,0.12884872,0.10416382,A,0.6707634,0.16508964,0.16414697,A,0.7448866870418412,0.1630355819661336,0.09207773099202488
A,A,0.61972994,0.18455842,0.19571163,A,0.48556155,0.28551382,0.22892463,A,0.591082890806344,0.24843946304523162,0.16047764614842402
A,A,0.41575566,0.36442515,0.21981916,A,0.4287287,0.2968364,0.2744349,A,0.47579603983645247,0.3252023088210448,0.19900165134250286
A,A,0.78799355,0.12604627,0.0859602,A,0.6264499,0.20662017,0.16692995,A,0.693099643052494,0.18335245024360183,0.12354790670390432
D,D,0.34237584,0.4144444,0.2431798,A,0.4127619,0.3246493,0.26258883,D,0.2877083049335176,0.56399476732445,0.14829692774203262
H,H,0.12992772,0.16174124,0.70833105,H,0.1851182,0.26129687,0.55358493,H,0.09512395865017237,0.18361581170430988,0.7212602296455174
D,A,0.4327252,0.29450896,0.27276587,A,0.40113282,0.28534192,0.31352532,A,0.38228542431104884,0.3722764093179953,0.24543816637095595
H,H,0.06660329,0.12598331,0.8074134,H,0.16885965,0.22273175,0.6084086,H,0.09629436388546858,0.21137624136454913,0.692329394749982
A,A,0.5557411,0.23544396,0.20881496,A,0.4605722,0.29073426,0.24869354,A,0.5437396864398353,0.26864555641235666,0.18761475714780793
H,H,0.3412274,0.31719452,0.341578,H,0.31641874,0.3156684,0.36791283,D,0.24938432960329363,0.3796721615749468,0.3709435088217598
D,H,0.23280501,0.25110123,0.5160938,H,0.19669479,0.28562835,0.5176769,H,0.13589510636741403,0.3234471618179121,0.5406577318146737
D,H,0.08097467,0.13579367,0.7832316,H,0.15803926,0.16348813,0.6784726,H,0.055093414801869266,0.1290607682205855,0.815845816977545
A,A,0.7114461,0.09371915,0.19483465,A,0.51146567,0.26162547,0.22690888,A,0.5575789445525511,0.26287485061427174,0.17954620483317715
D,A,0.4843301,0.28050062,0.23516923,A,0.47834292,0.27761164,0.24404538,A,0.4980150597518238,0.3002771063952339,0.2017078338529424
H,A,0.49895647,0.26974878,0.2312948,A,0.42248943,0.30702984,0.27048075,A,0.44906149115952226,0.3431674182468404,0.20777109059363727
D,D,0.19832923,0.43543237,0.3662384,H,0.262182,0.32225809,0.41555992,D,0.1970368844669795,0.45887675105596687,0.344086364477054
D,A,0.44138515,0.25943777,0.299177,A,0.3734744,0.27881342,0.34771216,A,0.4232298363018693,0.2503192836637955,0.3264508800343349
H,H,0.124804206,0.14148186,0.7337139,H,0.17602377,0.2170826,0.6068936,H,0.13202700587091756,0.20469291661702305,0.66328007751206
H,H,0.20741248,0.07648154,0.716106,H,0.23807855,0.27890223,0.48301926,H,0.20853194848315607,0.18396493599266173,0.607503115524182
A,A,0.39668387,0.31453082,0.28878534,A,0.4080427,0.30182496,0.2901323,D,0.36748997397967725,0.3907022634906477,0.24180776252967484
A,A,0.6785864,0.18923523,0.13217841,A,0.5492303,0.2502562,0.20051348,A,0.5388911850719356,0.317292224806096,0.14381659012196837
A,A,0.710818,0.1639218,0.12526017,A,0.59096676,0.2032944,0.20573889,A,0.6247268983623125,0.21094451101015854,0.16432859062752894
H,H,0.19575553,0.11613309,0.6881114,H,0.19047035,0.2544079,0.5551218,H,0.11732254051058273,0.2326906367747342,0.6499868227146832
D,H,0.18407767,0.20541184,0.61051047,H,0.22329664,0.30417845,0.4725249,H,0.1886440526241757,0.3357689059395076,0.4755870414363166
A,A,0.460374,0.29584715,0.2437789,A,0.42354658,0.2953111,0.28114226,A,0.4852502083314084,0.30569655769851695,0.20905323397007447
A,A,0.613099,0.2330115,0.15388946,A,0.49529317,0.26447266,0.24023412,A,0.5277789604045294,0.25315111047191197,0.21906992912355833
A,H,0.24862996,0.32740667,0.42396343,H,0.28236032,0.32308975,0.39455,H,0.30215401531285935,0.32877031564799447,0.3690756690391461
A,A,0.7098963,0.16645011,0.12365344,A,0.6051144,0.21409653,0.18078907,A,0.6464542243374346,0.231536050759734,0.12200972490283152
A,A,0.7949458,0.11986867,0.08518555,A,0.6817171,0.16184238,0.15644054,A,0.8009317552323723,0.11339221611399564,0.0856760286536321
H,H,0.07454978,0.057721704,0.8677285,H,0.19029514,0.1793537,0.6303511,H,0.09354856705822881,0.17654580914153814,0.7299056238002326
H,A,0.3519466,0.3048568,0.34319666,H,0.28285572,0.30778164,0.4093627,H,0.3143877825572281,0.32414234721846297,0.36146987022430893
A,A,0.4987911,0.2282095,0.27299932,A,0.43232453,0.27914718,0.28852832,A,0.5047466204005085,0.2596334232217115,0.23561995637777977
H,H,0.16767444,0.19282675,0.6394988,H,0.24945869,0.28151825,0.4690231,H,0.16447458533014633,0.3086948542506466,0.5268305604192073
A,A,0.86541706,0.08129685,0.053286016,A,0.660371,0.19704747,0.14258158,A,0.7963681037558733,0.1461607499889296,0.057471146255197364
A,D,0.24712537,0.43094304,0.32193157,H,0.27902108,0.33953574,0.3814432,D,0.21661646770827148,0.43144672749693974,0.3519368047947892
H,H,0.056613155,0.047260284,0.8961266,H,0.158832,0.18162164,0.6595464,H,0.04724993361847336,0.17102812693987982,0.7817219394416469
H,A,0.5000359,0.16675459,0.33320948,A,0.3999005,0.29170212,0.3083974,A,0.4472264816583382,0.25055911161933575,0.3022144067223256
A,A,0.6184204,0.24247213,0.13910754,A,0.58167374,0.22752598,0.19080023,A,0.5719257636755901,0.3061696811425426,0.12190455518186707
H,H,0.20770288,0.28974235,0.5025547,H,0.24243796,0.30552363,0.45203838,H,0.29275715996401036,0.28349278992082216,0.42375005011516775
A,A,0.34947565,0.3388207,0.31170362,H,0.30974758,0.32947332,0.3607791,D,0.29925764167863406,0.37952761586949263,0.32121474245187337
A,H,0.20621662,0.095153905,0.6986295,H,0.22976094,0.2489312,0.5213078,H,0.17616948486133258,0.2525620185855387,0.5712684965531285
D,H,0.14054514,0.34757268,0.5118821,H,0.20597728,0.32158345,0.47243926,D,0.1366252874789849,0.4690595714240509,0.3943151410969643
A,H,0.2790662,0.35981944,0.36111435,H,0.255082,0.36776686,0.37715116,D,0.20642292165492968,0.4543742405099197,0.33920283783515104
A,A,0.59175545,0.25129855,0.15694606,A,0.51775706,0.29838267,0.18386027,A,0.5919457711832021,0.27889323444479514,0.12916099437200235
A,H,0.2741846,0.17953399,0.54628134,H,0.27420062,0.32305017,0.4027492,H,0.27808643117497733,0.3034895527054263,0.4184240161195964
A,A,0.46973655,0.18041126,0.3498522,H,0.27718902,0.31271178,0.4100992,H,0.2520447152186277,0.3068151514594682,0.4411401333219038
H,H,0.28336877,0.25570378,0.46092746,H,0.2683148,0.31893727,0.41274792,H,0.29575315057323986,0.292135096915608,0.412111752511152
H,H,0.17433399,0.3667466,0.4589194,H,0.2213221,0.32835773,0.4503202,D,0.12192908398613989,0.49649749854844855,0.38157341746541185
H,A,0.633869,0.114052735,0.2520783,A,0.48982656,0.26341945,0.24675396,A,0.5527097971325436,0.2555940688574025,0.19169613401005392
A,H,0.27543274,0.11227508,0.6122922,H,0.2765844,0.28371716,0.4396985,H,0.2970025754069614,0.22183562875489848,0.48116179583814045
A,A,0.47328064,0.26072568,0.2659937,A,0.41798735,0.2961112,0.2859014,A,0.48275521189602055,0.2931133470150826,0.22413144108889668
H,H,0.19033292,0.33183527,0.47783175,H,0.22543034,0.3178073,0.4567623,H,0.2314624034350535,0.3560958293621707,0.4124417672027761
H,H,0.14360003,0.2916367,0.5647633,H,0.20301339,0.31786558,0.4791211,H,0.15955405286277352,0.36188860095640357,0.47855734618082296
D,A,0.6021828,0.2533801,0.14443707,A,0.5854059,0.23241359,0.1821805,A,0.5981131089116634,0.268836092931901,0.13305079815643564
H,D,0.29201892,0.37049517,0.33748585,A,0.3823276,0.32063314,0.2970393,D,0.31011176176360267,0.46449124773240436,0.22539699050399317
A,A,0.76797473,0.16034505,0.07168019,A,0.69782895,0.16321842,0.13895261,A,0.7998828821094781,0.15057468268809818,0.04954243520242377
H,A,0.46005535,0.20169602,0.3382486,A,0.39780128,0.2892565,0.31294224,A,0.3926610341360008,0.29866015187586265,0.30867881398813635
H,H,0.21812606,0.2180012,0.5638728,H,0.2752924,0.30054554,0.4241621,H,0.2489985853554458,0.3131743759359621,0.43782703870859246
A,A,0.7716095,0.15161833,0.07677212,A,0.65169966,0.20058598,0.14771433,A,0.7132605172351376,0.19369225313502308,0.09304722962983923
D,H,0.10452762,0.26926827,0.62620413,H,0.1824774,0.281863,0.5356596,H,0.11608762320275666,0.33947316078323875,0.5444392160140044
A,A,0.48746818,0.269387,0.24314475,A,0.38005486,0.3173932,0.30255195,A,0.4387773716022583,0.3263037346183092,0.23491889377943254
A,D,0.3176569,0.38306427,0.2992788,D,0.3473682,0.355525,0.29710686,D,0.23171760008825848,0.4911356199418111,0.27714677996993053
H,H,0.332851,0.31651884,0.3506302,D,0.3153647,0.36669254,0.31794274,D,0.33112758810935056,0.34931159646240284,0.319560815428247
H,H,0.079916425,0.05190456,0.868179,H,0.16629513,0.16084056,0.6728643,H,0.046813979759450924,0.13001270751751487,0.8231733127230343
D,A,0.37728828,0.36784977,0.25486198,A,0.45474568,0.28966063,0.2555937,A,0.4229359756544088,0.37597279173289794,0.20109123261269296
A,A,0.70391524,0.16377242,0.13231228,A,0.5874582,0.21644297,0.19609888,A,0.5993234650840666,0.2592006603055549,0.14147587461037825
D,D,0.257316,0.41064012,0.3320439,D,0.27022037,0.4059311,0.32384855,D,0.17628289416277534,0.5384512405057303,0.2852658653314944
A,A,0.34143057,0.3316083,0.3269611,H,0.3434126,0.310071,0.3465164,D,0.28615705343545467,0.44066693596529627,0.2731760105992499
A,H,0.35923395,0.18063805,0.46012804,H,0.28871524,0.28909653,0.42218822,H,0.2775766603974908,0.24341181164674083,0.4790115279557682
A,A,0.74407136,0.11327336,0.14265527,A,0.51818794,0.20739983,0.27441227,A,0.5690350269589836,0.22090035916991455,0.21006461387110167
A,H,0.11637073,0.25848502,0.6251443,H,0.15929858,0.24322326,0.59747815,H,0.06687241709674578,0.17914794228933129,0.7539796406139229
A,A,0.78900886,0.124127984,0.08686314,A,0.64357203,0.19098492,0.16544306,A,0.7124890698570117,0.17665521862585243,0.11085571151713591
H,D,0.22263865,0.39445645,0.3829049,H,0.30027485,0.30750087,0.3922243,D,0.2154868892031882,0.48405216849997623,0.30046094229683556
A,A,0.4014789,0.34594733,0.25257388,A,0.4120127,0.29942557,0.28856176,A,0.40238527483480985,0.40066862924341984,0.19694609592177068
H,H,0.3459509,0.09003109,0.564018,H,0.30318883,0.32288668,0.37392446,H,0.31461164534132324,0.2667412326973428,0.418647121961334
H,D,0.2516457,0.4326137,0.3157406,D,0.35247192,0.3544833,0.29304475,D,0.22643028825548137,0.5392088261104048,0.23436088563411392
H,A,0.45608523,0.26008764,0.28382713,A,0.3979044,0.30080914,0.3012864,D,0.320584762026953,0.3918372404907068,0.28757799748234025
A,A,0.5618036,0.19606403,0.24213238,A,0.4331135,0.29895973,0.26792672,A,0.4618922380403211,0.29417074329078724,0.24393701866889145
H,H,0.050977476,0.083771154,0.8652514,H,0.16404143,0.17359576,0.66236275,H,0.056905050132366845,0.13500528828039696,0.8080896615872359
A,A,0.52268916,0.26704082,0.21027009,A,0.4664827,0.25755265,0.27596465,A,0.5636375782344647,0.2539396107989262,0.1824228109666093
D,D,0.32902262,0.38884848,0.28212884,A,0.3994971,0.29369438,0.30680847,A,0.43821745966769937,0.3508192575626357,0.21096328276966475
H,H,0.34532645,0.20159964,0.45307395,H,0.25139403,0.33131275,0.4172932,H,0.25206424411038103,0.28871564203669176,0.45922011385292705
D,H,0.23657998,0.30542552,0.4579945,H,0.30897653,0.31783834,0.37318513,D,0.26223479522982845,0.41726983011585334,0.3204953746543185
H,H,0.116410665,0.134638,0.7489513,H,0.20238374,0.2055034,0.59211284,H,0.18357017616124252,0.21223521947548776,0.6041946043632695
H,H,0.268066,0.17513615,0.5567979,H,0.2579285,0.3047812,0.4372903,H,0.20348281881299887,0.34037559192661865,0.4561415892603825
D,A,0.44657046,0.24888144,0.30454808,D,0.350746,0.35136074,0.29789323,D,0.31883695975816706,0.39107800247544766,0.2900850377663856
A,H,0.38771138,0.1543835,0.45790508,A,0.3584292,0.3012768,0.34029397,A,0.4177033285527236,0.2558050912520658,0.32649158019521046
H,H,0.26847255,0.3270459,0.40448153,H,0.24013989,0.33942363,0.4204365,H,0.1665516630500715,0.41434456673034575,0.41910377021958295
H,H,0.2964985,0.27530822,0.4281933,H,0.28151563,0.30790398,0.41058043,H,0.324879631667451,0.30133219157372637,0.37378817675882275
H,H,0.020960953,0.017340984,0.9616981,H,0.14644857,0.1425313,0.7110201,H,0.03136116079155061,0.13545759220342513,0.8331812470050245
H,D,0.29605833,0.3727724,0.33116937,D,0.32438615,0.3571597,0.31845412,D,0.22511706972578657,0.5259581428966966,0.24892478737751694
D,A,0.57978994,0.2639121,0.15629792,A,0.5688189,0.251832,0.17934906,A,0.5850550266201718,0.2863171814911218,0.12862779188870613
H,H,0.06514899,0.09243999,0.84241104,H,0.16430418,0.21065022,0.6250456,H,0.07655895501245023,0.21255127442930635,0.7108897705582432
D,A,0.4231219,0.3416168,0.23526128,A,0.42155793,0.315843,0.2625991,D,0.3685595046069251,0.40408441935598804,0.22735607603708705
A,A,0.6317078,0.1938468,0.17444547,A,0.4974381,0.27807096,0.22449096,A,0.6044113638484738,0.24096515527125972,0.15462348088026612
A,H,0.32779196,0.27119845,0.4010096,H,0.2775965,0.31336835,0.40903515,H,0.29402285468740125,0.2794769794859141,0.42650016582668465
D,H,0.19617958,0.23490208,0.5689183,H,0.22304524,0.274603,0.50235176,H,0.2036497293202238,0.22922510650506048,0.5671251641747161
A,A,0.8044254,0.10085363,0.09472095,A,0.52067995,0.2606107,0.21870936,A,0.6749900352476604,0.16519586336927738,0.15981410138306218
D,D,0.24738686,0.41416505,0.33844814,D,0.26052335,0.3844697,0.35500693,D,0.16137908691432318,0.5835428857494055,0.2550780273362711
A,A,0.8253267,0.090728424,0.08394495,A,0.6234126,0.21298063,0.16360676,A,0.7050627611417315,0.18934616105193822,0.10559107780633047
H,H,0.18543464,0.3454127,0.46915266,H,0.23294175,0.2949728,0.4720854,D,0.22753964610148267,0.38754293295608966,0.38491742094242787
H,H,0.31936204,0.18526898,0.495369,H,0.27296638,0.28682506,0.44020855,H,0.2644765066905387,0.2669373616060644,0.4685861317033968
A,A,0.60067284,0.21975563,0.17957148,A,0.45937544,0.2845527,0.2560719,A,0.47052682134158197,0.3080834567897285,0.2213897218686899
H,H,0.17963068,0.32266444,0.4977049,H,0.22776291,0.30781388,0.46442327,H,0.15943905415974713,0.3849017181554254,0.4556592276848278
H,A,0.46988606,0.19477111,0.33534282,D,0.29589713,0.36396694,0.340136,H,0.33653130305781537,0.31796396305101243,0.3455047338911724
H,H,0.19788784,0.28889647,0.5132156,H,0.21615624,0.35515994,0.4286838,H,0.19772117100184075,0.31569320632754533,0.4865856226706137
D,A,0.76882374,0.14374372,0.08743247,A,0.6060526,0.22663759,0.16730982,A,0.6258968881680685,0.23077378388806458,0.1433293279438669
H,H,0.100899614,0.1420071,0.7570933,H,0.17567906,0.15912023,0.6652007,H,0.09517710172356987,0.23267903063305995,0.67214386764337
A,H,0.32047188,0.33555448,0.3439737,A,0.3680375,0.32082614,0.31113636,D,0.32395735127128655,0.4008365398839432,0.2752061088447703
H,H,0.17058542,0.12479504,0.7046196,H,0.23092812,0.30788288,0.46118903,H,0.26944780052416917,0.24754340951372023,0.4830087899621103
H,H,0.051605422,0.04521108,0.9031835,H,0.16017638,0.20847648,0.6313472,H,0.05926825502632678,0.16702585330674113,0.773705891666932
A,H,0.27387103,0.17524911,0.55087984,H,0.21232268,0.27277526,0.51490206,H,0.15335441617636061,0.2550679964838963,0.5915775873397427
H,H,0.161538,0.15794681,0.6805151,H,0.23113078,0.2637799,0.5050893,H,0.1975490290095115,0.21792955856237314,0.5845214124281156
H,H,0.2712894,0.28978518,0.43892536,H,0.3151996,0.30586603,0.37893435,D,0.30022866661152825,0.3677145566881093,0.33205677670036265
A,A,0.72518927,0.14327438,0.13153628,A,0.46190283,0.263269,0.27482817,A,0.5207987190359412,0.24694749566491406,0.2322537852991447
D,A,0.4681643,0.31466234,0.21717338,A,0.46349588,0.2842583,0.25224587,A,0.4316555756575328,0.3902857766307036,0.17805864771176372
D,A,0.40959224,0.37284335,0.21756439,A,0.52776027,0.26714066,0.20509912,A,0.5809805509921628,0.27145893264459436,0.14756051636324283
H,A,0.36331666,0.34119463,0.29548874,D,0.3301493,0.3374598,0.33239093,D,0.26299887049559484,0.4721536742695417,0.2648474552348638
D,A,0.5945586,0.20892762,0.19651374,A,0.5325432,0.23135185,0.23610497,A,0.6351295180446362,0.18373261211844305,0.18113786983692062
H,H,0.15594177,0.09183432,0.75222385,H,0.17084058,0.1967756,0.6323838,H,0.07093467056982186,0.17161662414060977,0.7574487052895685
H,A,0.5763724,0.25760406,0.16602358,A,0.5213372,0.28271094,0.19595179,A,0.5521959371665787,0.2848449887787688,0.16295907405465251
D,A,0.39168814,0.2624999,0.34581196,A,0.3877061,0.27927843,0.33301547,A,0.45464864569774555,0.27427430109741874,0.2710770532048358
A,A,0.80351275,0.11217481,0.08431246,A,0.6636453,0.18906882,0.14728583,A,0.7622930599624597,0.15097115444718331,0.08673578559035709
H,H,0.212253,0.22506574,0.5626813,H,0.2532648,0.273548,0.47318712,H,0.2594906256953785,0.22922474313994656,0.5112846311646752
D,H,0.118742734,0.24052143,0.6407358,H,0.18504669,0.22630298,0.58865035,H,0.0888537993567541,0.24504050470555655,0.6661056959376892
A,A,0.84387255,0.07542612,0.0807013,A,0.6375351,0.20210941,0.16035552,A,0.7293036573795851,0.19018009684970313,0.08051624577071204
A,H,0.21121992,0.2961411,0.49263903,H,0.25877294,0.30529457,0.4359325,H,0.21749256881144985,0.33316562073400674,0.4493418104545433
D,H,0.1129924,0.24233404,0.6446736,H,0.19021404,0.28431278,0.5254731,H,0.14785218761986976,0.2931531422799558,0.5589946701001746
H,H,0.077558085,0.08897461,0.83346725,H,0.15813334,0.14903127,0.69283533,H,0.045130666558712985,0.12098558351385108,0.8338837499274361
D,H,0.113676995,0.18991782,0.6964052,H,0.17696781,0.26349705,0.5595351,H,0.10931059421932908,0.26484446635255926,0.6258449394281113
H,A,0.5707519,0.086076386,0.34317166,H,0.31277502,0.30780146,0.3794235,A,0.3745445835918775,0.25224404089146973,0.37321137551665245
H,H,0.19008243,0.18062611,0.6292915,H,0.21060318,0.3287739,0.460623,H,0.15898373995797596,0.2794888056675273,0.5615274543744964
H,A,0.39935505,0.29106432,0.3095806,H,0.33159912,0.32937434,0.33902654,H,0.3364513502654598,0.3172370324264398,0.3463116173081006
H,H,0.2761849,0.16980174,0.5540134,H,0.2734192,0.31389114,0.41268966,H,0.2998174910802731,0.2849089245030627,0.41527358441666434
H,H,0.33125558,0.24961278,0.41913164,H,0.31302246,0.3244991,0.36247844,H,0.33284401725402285,0.3075491169673763,0.3596068657786007
D,D,0.3509271,0.36675695,0.2823159,A,0.41734272,0.31150383,0.27115342,D,0.31174095601406043,0.47791091448132145,0.2103481295046185
H,H,0.23530622,0.35656175,0.40813205,H,0.30582014,0.32603407,0.36814576,D,0.2824200787933449,0.4124747883571468,0.3051051328495083
A,A,0.43366557,0.3122823,0.2540522,A,0.4869932,0.23696192,0.2760449,A,0.5354022827645613,0.27040448858566407,0.19419322864977456
D,H,0.22244813,0.16985604,0.6076959,H,0.1953061,0.28594413,0.5187498,H,0.1389330908145835,0.29028962173481154,0.5707772874506049
A,A,0.5214558,0.15882027,0.31972387,A,0.3801481,0.2989237,0.32092816,H,0.3794537392658826,0.21847390151051346,0.4020723592236042
A,A,0.87868166,0.08363934,0.03767898,A,0.71599305,0.15382312,0.13018386,A,0.915891265627092,0.04504702180652994,0.03906171256637848
A,A,0.3502957,0.32142356,0.32828078,A,0.38968667,0.28745326,0.3228601,A,0.3642140184552663,0.3622020963989934,0.2735838851457405
A,A,0.785789,0.14555146,0.06865954,A,0.69083303,0.16495521,0.14421175,A,0.7244166398016215,0.2047112882244852,0.07087207197389303
A,A,0.6132417,0.14222266,0.24453564,A,0.484954,0.26550058,0.24954543,A,0.5169483788773097,0.27613677678871024,0.20691484433397997
